crop_type,yield,area,harvest_date,temperature,precipitation,soil_type,fertilizer_used,pesticide_used,crop_condition
rice,14.41,6483.56,12/17/2022,-22.35,20.19,sandy,false,true,fair
potato,72.4,487.42,7/24/2022,49.5,82.41,loamy,false,true,fair
rice,9.07,7581.46,9/5/2022,42.4,48.47,loamy,false,true,poor
tomato,72.7,4515.5,10/15/2022,41.95,63.55,clayey,true,false,poor
wheat,28.69,704.16,10/19/2022,-0.27,18.49,loamy,false,false,good
cotton,66.5,5718.08,6/14/2022,-34.1,26.51,clayey,true,false,excellent
oats,10.98,6282.2,9/13/2022,24.29,28.37,sandy,false,true,poor
cotton,95.7,7325.94,7/7/2022,-43.16,80.12,clayey,true,false,fair
lettuce,90.15,9807.02,9/23/2022,-19.09,47.61,sandy,true,true,poor
potato,94.19,4235.61,6/13/2022,-27.13,63.76,sandy,true,false,poor
barley,44.33,8533.95,5/21/2022,5.3,89.15,loamy,false,true,poor
cotton,9.31,1600.97,1/25/2022,34.46,45.17,loamy,true,true,poor
cotton,95.36,8049.98,12/20/2022,-19.42,82.26,sandy,false,true,good
barley,76.39,3536.98,8/11/2022,8.45,3.59,loamy,false,true,fair
tomato,73.09,2418.96,4/30/2022,31.64,57.28,loamy,false,false,excellent
rice,95.74,7650.7,11/20/2022,-37.01,19.87,sandy,true,false,good
wheat,45.8,176.87,8/19/2022,-10.41,45.27,sandy,true,true,poor
oats,47.33,1727.12,11/16/2022,35.63,20.77,sandy,false,false,good
tomato,37.57,4790.89,5/29/2022,17.28,14.18,loamy,false,false,excellent
soybean,71.16,9191.63,9/17/2022,-39.78,46.5,clayey,false,false,excellent
soybean,84.76,2743.34,4/20/2022,34.8,3.73,clayey,false,true,fair
potato,74.21,5493.64,1/13/2022,46.28,56.63,clayey,false,true,fair
tomato,59.28,7928.71,12/30/2022,-20.64,52.04,loamy,true,false,fair
soybean,96.4,748.29,12/29/2022,8.06,87.84,clayey,false,true,excellent
potato,77.61,6419.86,11/25/2022,27.34,95.52,sandy,false,false,fair
barley,68.33,710.9,6/18/2022,-35.7,71.26,loamy,false,false,fair
tomato,71.11,1939.05,5/22/2022,27.8,12.81,clayey,false,false,excellent
rice,19.71,2124.37,11/9/2022,22.42,29.14,clayey,false,true,good
tomato,98.42,3783.94,7/14/2022,-5.2,73.07,sandy,true,false,fair
potato,57.21,3370.49,3/29/2022,-19.57,55.86,loamy,true,true,excellent
tomato,99.93,4662.13,11/13/2022,45.27,98.96,sandy,true,false,excellent
tomato,13.94,8421.11,12/13/2022,-3.6,27.44,loamy,false,true,poor
oats,25.96,2379.57,12/26/2022,-34.19,55.89,clayey,true,true,good
lettuce,63.95,2658.22,9/9/2022,26.19,86.1,clayey,false,true,fair
soybean,41.61,496.03,2/9/2022,31.31,23.05,sandy,false,true,poor
cotton,36.03,8768.31,6/15/2022,35.86,66.4,clayey,false,true,good
tomato,22.36,2582.44,2/12/2022,-43.53,97.92,clayey,true,true,good
corn,8.67,7122.05,11/2/2022,21.55,70.59,sandy,true,true,excellent
wheat,47.15,6125.27,12/18/2022,39.24,71.86,clayey,true,true,fair
rice,57.31,7894.55,11/12/2022,19.2,64.41,loamy,true,true,excellent
barley,25.58,4358.46,5/22/2022,0.57,13.09,loamy,true,false,excellent
rice,98.75,3558.79,11/10/2022,-13.18,84.55,clayey,false,false,poor
oats,11.6,7003.03,1/31/2022,-47.19,23.06,clayey,false,true,excellent
wheat,71.98,5882.19,11/23/2022,-44.0,21.1,loamy,true,false,good
soybean,39.51,9333.29,4/22/2022,31.73,60.02,sandy,false,true,good
lettuce,51.14,8691.58,5/30/2022,41.22,0.79,clayey,false,false,excellent
wheat,44.31,6980.2,10/11/2022,-3.38,84.84,loamy,false,true,excellent
wheat,6.39,6866.66,3/16/2022,-43.76,91.23,loamy,false,false,good
lettuce,52.69,6290.37,3/26/2022,-9.78,92.42,sandy,false,true,excellent
soybean,64.81,3686.81,7/30/2022,-39.34,33.72,sandy,false,false,poor
rice,84.8,9204.62,8/21/2022,-3.48,35.56,loamy,false,true,fair
barley,97.33,7914.72,7/8/2022,30.28,60.62,clayey,true,true,good
tomato,24.97,8996.17,10/4/2022,32.78,18.83,clayey,false,true,fair
lettuce,99.54,3759.51,10/1/2022,-1.39,51.15,clayey,true,true,excellent
barley,29.7,5726.4,8/13/2022,35.7,60.29,loamy,false,true,fair
soybean,86.85,272.14,1/28/2022,-25.81,97.34,clayey,false,true,good
barley,37.44,448.15,7/4/2022,-35.48,76.1,loamy,true,true,excellent
soybean,97.6,9661.42,2/3/2022,21.05,37.69,loamy,true,false,fair
cotton,56.75,9974.47,12/28/2022,-30.6,93.21,sandy,false,true,poor
cotton,88.36,8010.43,6/23/2022,-35.99,26.52,sandy,false,true,excellent
corn,98.64,7733.7,6/25/2022,32.26,71.3,clayey,false,true,good
barley,39.39,9203.82,8/1/2022,-11.27,29.44,sandy,true,false,good
soybean,70.92,3255.78,11/11/2022,24.86,79.7,sandy,false,false,excellent
wheat,86.39,2770.04,5/11/2022,-13.37,54.18,loamy,true,true,poor
corn,94.01,4316.52,2/15/2022,45.22,77.31,loamy,false,true,excellent
lettuce,91.18,1600.25,7/28/2022,-25.07,47.67,loamy,false,true,excellent
lettuce,14.36,4093.94,1/30/2022,-20.58,39.44,sandy,false,false,good
cotton,67.47,2037.19,12/29/2022,33.68,9.29,loamy,true,false,excellent
lettuce,85.83,1766.75,3/12/2022,-29.26,83.38,loamy,true,true,fair
tomato,1.47,4955.33,9/29/2022,-26.64,53.47,sandy,true,true,fair
tomato,90.86,8852.88,1/8/2022,10.22,67.72,clayey,false,false,good
lettuce,31.39,8161.29,5/21/2022,-23.06,99.0,loamy,false,false,good
corn,68.19,2345.48,5/7/2022,-49.82,43.71,loamy,false,true,poor
wheat,47.92,2839.76,6/3/2022,-29.68,89.86,sandy,true,false,excellent
barley,94.06,1735.6,2/7/2022,-10.39,40.83,sandy,false,true,excellent
oats,81.93,3944.55,9/19/2022,-29.16,27.94,clayey,false,false,fair
oats,87.84,7904.75,12/4/2022,41.49,75.7,loamy,false,false,excellent
tomato,80.76,1769.94,9/6/2022,-17.97,74.64,sandy,true,false,good
barley,29.78,1572.94,5/26/2022,-40.7,26.38,loamy,false,false,excellent
soybean,70.85,9001.54,8/19/2022,17.41,1.59,sandy,false,false,excellent
soybean,50.52,8874.82,12/6/2022,-36.6,39.57,clayey,false,true,good
corn,72.79,7946.7,9/11/2022,24.88,28.54,sandy,false,true,good
potato,36.53,2680.29,9/11/2022,47.04,29.49,sandy,true,false,good
soybean,4.37,9736.53,5/21/2022,-19.43,98.92,clayey,false,false,excellent
oats,32.78,5537.84,5/15/2022,12.32,50.94,loamy,false,true,poor
tomato,62.24,1072.08,1/14/2022,-12.04,50.2,sandy,false,false,good
cotton,87.98,6090.01,10/27/2022,-44.1,39.61,clayey,true,true,excellent
tomato,47.99,9545.54,10/31/2022,-49.32,97.28,loamy,true,false,fair
soybean,62.64,2803.08,12/1/2022,9.31,73.19,sandy,true,true,excellent
rice,55.39,2180.23,4/21/2022,-32.8,79.81,loamy,true,true,excellent
soybean,11.54,4034.18,4/30/2022,23.75,75.86,loamy,true,false,good
tomato,62.36,1584.85,9/17/2022,-9.21,6.27,loamy,true,false,good
rice,4.59,3971.4,6/1/2022,7.99,35.19,clayey,true,true,fair
tomato,39.74,5279.08,9/23/2022,-1.09,41.26,loamy,true,true,excellent
potato,93.43,5338.57,10/17/2022,-30.78,80.45,clayey,false,true,excellent
oats,78.62,5650.43,2/23/2022,19.46,79.76,sandy,true,true,excellent
oats,54.64,6775.84,9/28/2022,-13.03,78.17,loamy,false,false,excellent
rice,64.3,2961.58,12/25/2022,36.7,57.18,sandy,false,true,poor
cotton,77.21,6877.87,12/6/2022,-41.06,73.78,loamy,true,false,good
tomato,24.98,2284.68,2/12/2022,-24.06,51.47,loamy,true,false,poor
soybean,29.67,1134.88,11/25/2022,48.99,24.09,sandy,true,true,excellent
corn,20.36,971.98,1/21/2022,46.65,42.13,loamy,true,true,good
potato,1.07,234.06,6/8/2022,-24.09,99.14,clayey,false,true,fair
oats,95.59,3731.82,6/15/2022,-41.59,82.97,sandy,false,true,excellent
barley,41.09,1843.68,10/21/2022,-42.31,38.71,clayey,true,false,poor
potato,77.75,4652.52,3/31/2022,17.01,17.53,sandy,true,false,excellent
soybean,40.53,150.25,5/25/2022,-34.48,48.86,clayey,true,false,good
lettuce,88.02,5342.79,3/28/2022,-3.73,66.34,loamy,true,false,poor
rice,16.26,4813.05,4/17/2022,6.44,50.57,clayey,true,true,excellent
soybean,12.04,722.28,8/10/2022,-35.12,2.82,loamy,true,false,fair
oats,28.98,5298.58,1/12/2022,-4.78,22.38,clayey,false,false,poor
potato,0.84,7410.97,6/21/2022,-17.76,21.27,loamy,false,true,excellent
soybean,69.73,97.86,2/12/2022,23.11,90.66,loamy,true,true,poor
oats,92.83,6762.22,11/15/2022,38.33,75.48,loamy,false,false,poor
lettuce,84.45,8408.85,11/30/2022,8.82,27.63,clayey,false,true,poor
potato,19.35,4004.5,11/13/2022,18.04,18.04,clayey,false,false,excellent
wheat,24.12,1643.08,1/6/2022,-7.17,88.34,clayey,true,true,excellent
wheat,97.53,4248.29,5/1/2022,-32.28,32.92,loamy,true,true,good
tomato,78.12,2914.57,10/14/2022,18.95,68.09,clayey,false,true,good
wheat,12.78,6476.34,10/11/2022,44.5,22.61,loamy,false,false,excellent
tomato,57.12,9696.29,2/26/2022,-23.78,0.66,loamy,false,false,excellent
tomato,54.53,729.4,9/4/2022,-19.17,14.11,loamy,true,true,good
oats,14.0,2796.74,4/23/2022,43.34,56.43,loamy,true,false,fair
tomato,17.16,1751.93,12/22/2022,-22.95,75.48,sandy,true,false,poor
cotton,77.26,9699.26,3/23/2022,-11.93,60.4,clayey,false,true,good
potato,59.59,1285.94,5/17/2022,31.07,8.49,clayey,false,true,excellent
tomato,83.09,4174.86,10/10/2022,-42.0,41.7,clayey,false,false,good
wheat,11.71,1543.56,8/28/2022,2.8,79.57,loamy,false,true,good
tomato,29.04,8815.21,2/21/2022,22.18,35.72,clayey,false,true,poor
lettuce,42.52,7476.26,11/30/2022,-3.5,17.81,sandy,true,false,fair
tomato,13.04,186.02,1/14/2022,-33.31,42.22,sandy,true,false,good
potato,2.99,3733.37,1/15/2022,42.07,88.48,clayey,true,false,poor
lettuce,21.13,6003.91,6/18/2022,39.56,60.95,loamy,false,false,excellent
oats,49.18,3716.62,2/18/2022,25.63,28.51,clayey,false,false,good
cotton,10.55,265.64,3/5/2022,-13.99,33.04,loamy,true,true,poor
lettuce,64.14,8422.95,11/4/2022,14.07,46.37,clayey,true,true,excellent
wheat,71.54,1704.23,1/19/2022,-10.64,49.24,clayey,false,false,poor
wheat,42.68,4800.85,5/17/2022,-48.27,83.15,loamy,false,false,poor
wheat,24.87,5658.06,1/16/2022,-38.0,89.91,clayey,false,true,good
wheat,72.36,6593.89,3/6/2022,-23.55,19.31,loamy,false,false,good
tomato,61.15,38.26,1/19/2022,-19.18,48.96,sandy,true,true,poor
tomato,83.36,7812.79,3/20/2022,23.66,64.38,clayey,false,true,fair
corn,55.33,3697.77,5/30/2022,-18.54,67.69,clayey,false,true,poor
barley,84.28,6292.92,4/17/2022,39.57,42.18,clayey,false,true,excellent
soybean,9.41,7395.61,5/13/2022,-22.47,24.59,clayey,false,true,excellent
corn,20.03,5274.03,5/12/2022,32.07,85.9,clayey,true,true,excellent
tomato,48.48,1913.29,3/14/2022,37.81,5.77,sandy,false,false,excellent
barley,29.36,443.09,5/16/2022,13.27,69.68,clayey,true,false,poor
cotton,98.6,9416.72,10/4/2022,-41.27,2.86,loamy,false,false,good
tomato,80.71,457.55,9/22/2022,-6.92,4.76,clayey,false,false,excellent
potato,93.7,7308.57,12/16/2022,26.49,42.82,clayey,false,true,excellent
wheat,13.87,7897.2,2/11/2022,31.79,73.89,clayey,true,false,good
potato,53.42,6015.92,7/12/2022,13.29,29.27,sandy,false,false,fair
lettuce,48.29,6243.85,1/29/2022,1.27,26.4,sandy,false,true,poor
barley,23.26,5020.37,6/21/2022,-46.33,81.31,loamy,true,true,poor
lettuce,46.19,1319.73,1/17/2022,-47.42,59.61,sandy,false,true,excellent
potato,23.29,1453.05,1/27/2022,-15.41,66.1,sandy,true,true,good
cotton,78.12,7790.79,8/1/2022,-28.0,57.02,sandy,true,false,good
tomato,47.2,8299.12,6/21/2022,40.49,38.17,sandy,true,true,poor
cotton,91.95,7407.91,4/20/2022,-31.87,81.68,clayey,true,false,good
wheat,16.78,9646.57,4/17/2022,-5.41,20.88,sandy,false,false,fair
potato,25.21,8434.31,7/15/2022,7.72,97.41,clayey,false,true,good
wheat,49.82,5937.58,5/23/2022,-2.77,57.44,clayey,true,true,poor
rice,65.22,6789.22,10/19/2022,-30.73,82.7,sandy,false,false,excellent
oats,81.06,4676.91,3/16/2022,28.9,91.58,clayey,true,false,good
potato,28.04,614.3,2/27/2022,8.37,82.39,clayey,false,true,excellent
corn,12.19,8890.21,10/29/2022,-20.38,54.03,loamy,true,false,excellent
corn,30.8,9433.21,9/7/2022,4.57,67.54,clayey,true,false,poor
potato,67.04,6434.0,3/24/2022,24.92,63.91,sandy,true,true,excellent
corn,66.02,2296.15,7/30/2022,-26.34,14.16,loamy,true,false,good
corn,75.81,2195.55,7/26/2022,5.23,80.15,sandy,true,false,poor
potato,4.97,8971.82,10/21/2022,2.7,59.55,loamy,false,true,poor
tomato,96.64,7457.52,11/23/2022,-49.72,65.45,clayey,true,true,poor
cotton,4.11,2186.77,4/11/2022,39.92,31.1,clayey,false,false,poor
oats,33.21,5921.73,3/14/2022,32.39,48.24,clayey,false,true,poor
corn,95.8,3585.55,11/9/2022,-26.76,15.47,clayey,false,false,fair
tomato,62.48,4897.72,11/2/2022,11.18,23.64,sandy,true,true,excellent
lettuce,40.59,5993.91,8/31/2022,-18.94,88.59,clayey,true,true,good
potato,26.05,4166.38,3/13/2022,41.58,7.7,sandy,true,true,fair
soybean,49.55,4650.57,1/16/2022,-49.18,9.07,clayey,false,true,good
rice,27.64,7191.26,4/13/2022,16.2,31.58,loamy,false,true,good
cotton,71.81,6902.75,9/16/2022,25.08,88.23,sandy,true,false,excellent
oats,24.89,6894.46,10/22/2022,31.29,51.5,sandy,false,false,poor
tomato,0.1,397.5,5/25/2022,41.9,82.23,loamy,false,true,poor
corn,75.23,4974.2,1/15/2022,41.48,26.9,loamy,false,true,good
wheat,94.69,6521.56,8/29/2022,36.05,47.58,clayey,true,false,fair
cotton,58.13,3012.75,3/1/2022,8.74,34.92,loamy,true,false,excellent
tomato,54.67,5158.21,12/1/2022,29.33,8.01,clayey,true,false,poor
oats,57.59,4823.48,8/19/2022,-47.76,21.93,clayey,true,true,fair
rice,89.7,2315.44,6/1/2022,-17.8,95.68,loamy,true,true,fair
corn,97.81,3191.27,4/15/2022,-47.96,76.64,sandy,true,false,poor
barley,39.53,3781.05,12/29/2022,-4.17,76.25,loamy,false,false,good
tomato,61.81,4877.26,12/5/2022,45.08,99.51,loamy,true,true,fair
rice,26.18,3659.49,8/27/2022,43.3,98.85,loamy,false,true,good
lettuce,17.39,1489.04,9/25/2022,42.31,14.16,clayey,false,true,poor
potato,92.1,1774.03,1/8/2022,14.48,22.07,sandy,true,false,fair
rice,37.65,5980.66,7/3/2022,45.32,15.56,loamy,false,false,good
rice,56.87,5735.52,7/19/2022,15.89,58.99,loamy,true,true,poor
barley,56.27,6961.13,9/23/2022,-19.82,35.13,clayey,false,true,fair
barley,43.86,7908.04,10/23/2022,-48.04,83.11,sandy,true,true,fair
wheat,36.46,9980.66,8/27/2022,-43.25,39.38,sandy,false,false,good
lettuce,83.1,7696.56,3/24/2022,-8.52,54.9,clayey,true,true,excellent
barley,13.81,3748.62,8/20/2022,5.43,38.84,loamy,false,false,good
potato,77.23,1818.93,6/4/2022,-12.63,19.53,sandy,true,true,poor
soybean,42.6,9778.85,3/11/2022,39.29,63.07,loamy,true,true,excellent
cotton,42.63,9175.02,11/14/2022,-39.85,62.19,clayey,true,false,excellent
potato,82.33,4801.91,4/4/2022,-37.36,21.18,loamy,false,false,good
soybean,50.84,4525.19,7/18/2022,26.25,75.94,sandy,false,false,fair
barley,61.16,1254.62,6/1/2022,-49.11,95.3,loamy,true,true,fair
rice,73.34,6893.05,9/2/2022,8.64,55.86,clayey,false,false,poor
tomato,82.23,919.67,4/17/2022,39.48,7.91,clayey,false,false,good
tomato,9.06,6472.52,2/7/2022,-42.93,16.12,clayey,true,false,excellent
tomato,84.47,1833.15,6/10/2022,-40.13,1.63,loamy,false,true,excellent
lettuce,66.32,6339.97,11/28/2022,-31.48,88.95,loamy,false,false,excellent
corn,80.12,9701.65,1/2/2022,42.21,15.14,loamy,false,true,fair
potato,92.4,9837.62,9/8/2022,-41.49,88.83,sandy,false,true,good
oats,78.44,9192.93,12/17/2022,-49.34,69.4,clayey,true,true,good
cotton,73.21,657.78,8/11/2022,20.46,78.21,loamy,false,true,excellent
cotton,65.41,2888.02,12/28/2022,10.29,96.38,loamy,false,true,excellent
wheat,37.98,7933.57,11/1/2022,-45.16,13.14,clayey,false,true,poor
tomato,0.45,873.01,8/5/2022,-44.2,23.78,clayey,false,true,fair
lettuce,71.58,9833.36,8/14/2022,-19.93,80.79,sandy,false,false,fair
soybean,86.67,76.42,2/13/2022,-31.47,36.04,clayey,false,true,good
rice,19.06,153.22,6/14/2022,-9.14,37.42,clayey,false,true,excellent
corn,29.31,1839.68,9/16/2022,43.31,51.36,sandy,true,false,excellent
lettuce,25.65,5162.88,1/7/2022,-28.74,67.6,sandy,true,true,excellent
potato,7.3,728.5,9/5/2022,38.32,76.64,sandy,false,true,good
potato,20.51,5515.02,5/19/2022,-39.71,43.03,sandy,true,true,poor
wheat,32.82,1686.92,6/30/2022,37.18,92.04,loamy,false,true,fair
oats,67.71,901.66,5/23/2022,11.47,51.11,clayey,true,true,fair
potato,76.34,4151.42,6/19/2022,34.21,11.73,sandy,false,false,good
corn,9.35,2285.12,9/28/2022,-23.04,1.69,clayey,true,false,excellent
oats,23.03,4739.27,1/31/2022,-10.92,31.61,clayey,false,true,fair
tomato,26.83,3085.32,6/20/2022,11.04,23.64,loamy,false,true,excellent
barley,48.83,9527.19,5/15/2022,-24.38,89.8,sandy,true,true,fair
lettuce,33.13,1290.71,1/19/2022,-49.71,97.18,sandy,true,false,fair
soybean,94.06,829.37,11/17/2022,14.78,33.86,clayey,false,true,excellent
barley,19.81,5228.82,1/5/2022,38.16,18.41,loamy,true,true,fair
oats,64.97,6777.08,4/25/2022,5.29,93.74,clayey,true,false,excellent
wheat,33.98,8947.12,4/3/2022,-39.7,71.57,loamy,false,true,poor
wheat,66.1,1483.76,10/11/2022,-29.06,58.75,clayey,true,true,poor
potato,21.26,1726.43,4/26/2022,-32.64,5.17,loamy,true,true,good
rice,55.22,2352.18,8/20/2022,-3.38,13.42,clayey,false,true,poor
soybean,21.97,3640.83,7/26/2022,-23.76,73.32,sandy,true,false,excellent
barley,52.41,9463.55,4/14/2022,20.93,32.99,loamy,true,false,excellent
soybean,29.06,8059.33,3/16/2022,9.6,9.23,sandy,false,false,poor
corn,84.72,628.45,8/5/2022,-15.09,96.97,sandy,true,true,fair
cotton,30.34,3113.59,7/21/2022,-24.31,92.37,loamy,true,false,fair
wheat,37.32,8178.68,12/27/2022,15.76,62.51,clayey,true,false,excellent
cotton,77.96,6270.37,7/13/2022,-20.48,84.29,clayey,true,false,fair
wheat,28.55,3388.34,7/12/2022,46.7,80.39,clayey,true,false,poor
rice,77.37,7575.44,4/26/2022,11.58,63.43,loamy,false,false,poor
cotton,9.32,7623.5,2/11/2022,8.1,93.53,loamy,true,false,poor
cotton,47.73,9026.56,10/17/2022,40.31,16.65,loamy,false,true,poor
soybean,46.52,2340.69,10/16/2022,18.53,79.91,loamy,true,false,fair
corn,80.16,1490.46,6/15/2022,-13.81,13.75,sandy,true,true,poor
wheat,9.97,1191.49,5/11/2022,48.13,95.53,clayey,false,true,excellent
soybean,58.68,4367.34,2/11/2022,-33.48,94.14,clayey,false,true,fair
tomato,70.87,6945.54,12/1/2022,46.46,66.45,sandy,true,false,good
soybean,71.43,4484.85,8/17/2022,-49.15,26.73,loamy,true,true,fair
soybean,84.02,1961.73,6/4/2022,46.92,37.15,clayey,true,false,good
rice,87.09,8924.65,10/16/2022,-4.6,38.85,clayey,false,false,fair
rice,49.83,4781.85,3/16/2022,-16.1,80.91,sandy,false,false,fair
corn,36.8,1181.38,10/30/2022,-49.69,1.88,clayey,false,false,good
rice,2.99,1617.44,11/18/2022,-27.19,51.26,sandy,true,true,poor
cotton,69.68,7051.05,3/19/2022,-36.71,8.87,sandy,true,true,excellent
soybean,67.19,6051.12,3/5/2022,3.99,22.93,clayey,true,false,poor
corn,27.03,9253.44,12/19/2022,-18.23,20.67,clayey,true,true,poor
wheat,56.78,6448.89,12/6/2022,-20.47,97.64,loamy,false,false,good
wheat,45.75,538.33,3/18/2022,30.84,33.47,sandy,false,false,good
lettuce,47.96,7806.2,3/31/2022,10.92,62.8,sandy,false,false,excellent
tomato,29.0,6173.09,2/2/2022,-12.37,84.54,loamy,false,false,good
soybean,35.25,677.66,5/9/2022,-44.14,93.73,clayey,true,true,excellent
barley,77.12,1513.24,12/3/2022,22.11,33.14,clayey,false,true,good
tomato,0.93,5067.79,7/18/2022,11.88,42.37,sandy,true,true,fair
potato,22.36,6868.27,8/20/2022,-8.86,62.94,sandy,true,false,good
tomato,12.24,1078.23,3/23/2022,-39.52,65.74,sandy,false,false,excellent
soybean,96.92,3058.69,8/30/2022,-42.25,66.42,clayey,true,true,good
cotton,16.8,2570.1,6/25/2022,18.06,37.46,sandy,false,false,good
rice,42.05,4571.66,1/1/2022,44.71,22.41,sandy,false,false,excellent
oats,4.92,3664.84,12/15/2022,8.16,67.85,loamy,false,true,excellent
potato,14.55,7381.03,8/14/2022,45.18,63.9,clayey,true,true,poor
barley,9.82,7844.7,12/20/2022,37.46,96.08,sandy,false,true,poor
barley,91.53,5738.8,5/2/2022,-21.63,35.78,clayey,true,true,excellent
oats,84.14,7008.25,5/23/2022,23.69,43.63,loamy,false,false,poor
rice,16.64,675.77,8/1/2022,32.38,47.85,sandy,true,true,excellent
lettuce,94.99,982.1,7/27/2022,-47.6,25.51,loamy,true,true,excellent
corn,99.96,4612.54,3/20/2022,-48.01,94.17,loamy,true,true,good
barley,68.58,6224.93,12/9/2022,-8.64,13.78,sandy,false,false,excellent
tomato,20.03,1370.8,8/28/2022,13.75,65.83,loamy,false,false,good
rice,88.56,7325.95,5/21/2022,-49.84,54.34,sandy,false,true,good
soybean,16.38,5591.39,8/25/2022,7.23,62.43,clayey,false,false,excellent
barley,66.56,7086.2,4/17/2022,45.74,16.78,loamy,false,false,fair
potato,57.23,6362.49,1/9/2022,46.19,90.01,loamy,false,true,excellent
cotton,68.39,5919.16,1/1/2022,39.53,35.43,clayey,true,false,fair
potato,13.4,570.0,5/1/2022,-44.75,1.82,loamy,true,true,poor
oats,88.93,2414.83,9/26/2022,42.57,51.54,loamy,false,false,poor
cotton,42.18,9050.26,9/16/2022,-24.59,82.79,clayey,false,true,fair
rice,39.15,3949.65,9/23/2022,46.7,95.63,sandy,true,false,poor
corn,84.19,9090.9,11/13/2022,20.21,78.23,sandy,false,false,poor
corn,61.4,7131.92,1/14/2022,15.55,44.51,sandy,false,false,fair
potato,87.31,8319.11,9/8/2022,-39.29,9.76,clayey,true,false,fair
wheat,47.83,7306.16,6/9/2022,25.03,20.08,sandy,true,true,good
potato,87.12,6853.74,2/1/2022,41.65,26.73,loamy,true,true,poor
potato,26.56,5205.18,3/22/2022,-32.0,5.92,loamy,false,true,poor
corn,68.68,792.78,1/30/2022,3.64,50.43,loamy,false,false,fair
rice,46.84,5851.28,5/16/2022,42.66,35.59,sandy,true,true,poor
corn,57.29,5047.9,7/16/2022,48.03,81.62,loamy,true,true,excellent
lettuce,24.1,2394.72,2/11/2022,-32.44,3.98,sandy,true,true,good
wheat,5.55,1153.1,9/4/2022,9.2,31.55,sandy,false,false,poor
corn,21.62,1668.83,12/12/2022,49.83,21.13,sandy,true,true,excellent
tomato,28.24,1459.15,11/5/2022,-41.23,97.74,sandy,true,true,good
soybean,82.74,5438.78,12/12/2022,-4.85,99.79,sandy,true,true,good
soybean,46.78,3015.95,11/25/2022,8.02,7.84,loamy,true,true,fair
potato,41.17,3311.77,5/6/2022,-40.64,89.4,clayey,false,true,good
barley,63.63,6783.75,12/19/2022,26.92,3.47,loamy,true,true,poor
oats,84.31,741.01,4/10/2022,12.16,96.93,sandy,false,false,poor
potato,97.38,9687.65,5/3/2022,27.4,71.02,sandy,false,true,poor
cotton,90.71,8109.36,3/20/2022,26.75,39.43,clayey,false,true,good
potato,56.34,7184.24,11/16/2022,14.13,97.81,loamy,false,true,fair
barley,3.76,9766.92,1/6/2022,-23.78,6.31,sandy,false,true,poor
rice,83.2,7027.93,6/15/2022,35.76,99.67,loamy,true,true,good
tomato,28.61,1070.78,1/21/2022,-28.11,57.16,sandy,false,true,good
wheat,14.52,4295.42,6/20/2022,19.08,62.31,loamy,false,true,excellent
rice,49.42,3210.27,6/6/2022,-34.75,2.25,clayey,false,true,fair
potato,9.3,5421.64,2/6/2022,41.58,6.04,clayey,false,true,poor
tomato,75.51,4785.17,10/29/2022,44.57,19.32,clayey,true,false,poor
potato,47.81,4115.37,8/22/2022,-29.87,18.5,clayey,true,false,fair
oats,58.62,6291.71,3/19/2022,-43.75,39.47,sandy,false,false,poor
wheat,84.95,4139.8,10/28/2022,-44.49,25.88,loamy,false,true,good
lettuce,68.21,1791.73,5/8/2022,-15.51,92.1,clayey,false,false,fair
potato,61.17,7670.0,4/26/2022,33.91,76.74,loamy,true,true,excellent
tomato,11.99,9024.72,6/28/2022,25.86,8.42,clayey,true,true,poor
soybean,48.96,6147.35,8/16/2022,25.99,79.93,loamy,false,true,poor
corn,54.8,7961.69,8/19/2022,-1.38,26.02,loamy,false,false,excellent
lettuce,16.97,8047.57,1/31/2022,9.23,2.89,clayey,true,true,good
oats,48.45,3288.93,10/17/2022,-18.97,71.42,sandy,true,true,good
rice,84.49,7551.4,3/21/2022,49.45,19.23,sandy,false,false,poor
soybean,91.73,977.11,9/14/2022,11.84,42.06,loamy,true,true,good
oats,19.28,2550.5,1/30/2022,47.65,92.2,clayey,false,false,good
corn,40.3,5564.23,4/7/2022,0.16,41.66,sandy,false,true,fair
barley,50.84,8263.43,12/13/2022,10.57,34.39,loamy,false,false,good
barley,45.73,1595.11,6/28/2022,-11.81,11.33,loamy,false,true,good
lettuce,77.72,5845.7,7/16/2022,-21.31,66.21,clayey,false,false,fair
cotton,83.25,471.23,5/2/2022,-31.81,94.09,clayey,false,true,fair
oats,16.05,9513.21,12/13/2022,-6.67,37.63,sandy,true,true,poor
rice,64.21,203.64,2/3/2022,18.92,39.4,clayey,false,false,excellent
oats,10.73,9547.75,4/25/2022,25.15,30.02,sandy,true,false,poor
barley,79.48,8124.92,7/29/2022,28.44,8.21,loamy,true,false,fair
oats,14.92,790.7,8/7/2022,6.46,1.79,sandy,false,true,fair
wheat,94.85,9099.26,6/28/2022,-26.17,43.02,sandy,true,true,good
potato,86.53,371.86,3/9/2022,40.09,50.01,sandy,true,false,excellent
soybean,51.26,190.51,2/16/2022,48.77,85.44,clayey,true,true,excellent
potato,89.51,4960.72,2/7/2022,-8.63,2.16,clayey,true,false,excellent
oats,64.14,3040.19,9/29/2022,-39.15,53.75,sandy,true,false,good
soybean,44.29,2949.88,4/22/2022,-12.56,53.89,clayey,false,true,poor
lettuce,17.9,4159.43,11/13/2022,-26.6,93.89,clayey,true,false,poor
lettuce,20.41,1212.41,5/16/2022,18.91,32.18,sandy,false,true,fair
oats,54.65,2089.49,10/18/2022,28.94,47.82,sandy,false,false,poor
oats,79.36,9763.91,4/9/2022,-7.33,75.09,sandy,true,false,poor
lettuce,52.14,686.09,7/28/2022,48.16,25.4,loamy,true,false,excellent
tomato,41.84,5820.34,5/5/2022,-47.76,63.42,sandy,false,true,excellent
lettuce,72.97,9873.69,1/5/2022,37.77,29.02,clayey,false,false,excellent
cotton,89.64,5869.84,12/7/2022,-48.69,59.08,loamy,true,false,good
soybean,8.14,4391.73,3/15/2022,45.31,67.26,loamy,true,false,excellent
lettuce,13.81,1614.53,3/13/2022,14.31,84.01,clayey,false,false,excellent
wheat,85.19,1390.13,2/27/2022,22.24,85.0,clayey,false,false,good
tomato,37.8,8431.32,8/13/2022,13.65,96.28,sandy,false,true,poor
soybean,40.34,8965.97,3/12/2022,-6.6,17.41,clayey,true,true,excellent
cotton,28.37,8493.0,7/30/2022,-2.66,61.95,loamy,true,true,poor
rice,52.11,7521.01,12/6/2022,38.1,42.67,sandy,false,true,excellent
cotton,22.72,2312.19,6/22/2022,-45.05,51.35,clayey,true,true,poor
barley,47.06,7813.24,9/7/2022,-10.86,61.56,loamy,false,false,good
tomato,64.22,1137.21,5/17/2022,-13.15,57.92,sandy,true,true,fair
tomato,24.65,9099.3,11/22/2022,27.52,31.0,clayey,false,false,fair
potato,28.34,6086.57,5/30/2022,-24.33,78.75,sandy,true,false,fair
tomato,81.42,7021.39,10/13/2022,-20.66,67.88,sandy,false,true,poor
rice,75.79,6221.13,12/8/2022,-10.01,30.29,sandy,true,false,fair
rice,95.69,587.28,1/18/2022,-19.91,18.66,sandy,true,false,good
potato,41.04,7295.23,4/10/2022,-38.82,40.19,clayey,false,true,fair
lettuce,95.99,6639.78,7/3/2022,-41.45,31.08,clayey,true,false,good
cotton,90.12,6153.47,12/23/2022,11.78,18.25,sandy,true,true,fair
lettuce,33.36,7684.45,1/26/2022,10.31,18.49,loamy,true,true,fair
wheat,41.12,3843.89,2/1/2022,-11.4,26.5,sandy,false,false,poor
cotton,78.41,8089.7,6/18/2022,-4.64,73.68,sandy,false,true,poor
tomato,43.21,4236.06,8/20/2022,-18.37,43.69,sandy,true,false,poor
barley,72.9,8037.13,6/17/2022,-30.12,7.98,clayey,true,false,good
corn,87.45,3517.16,2/8/2022,33.94,78.68,sandy,true,false,fair
oats,20.12,5845.26,12/1/2022,34.01,31.22,sandy,true,false,excellent
rice,39.59,6701.68,12/4/2022,30.73,16.74,clayey,false,true,good
rice,81.56,7416.81,12/5/2022,6.17,38.22,loamy,false,false,excellent
rice,29.65,2392.04,3/4/2022,1.8,95.09,sandy,true,false,poor
barley,86.49,888.05,8/18/2022,-48.27,28.58,clayey,false,false,excellent
tomato,48.28,6333.45,11/19/2022,-12.33,94.68,sandy,true,false,good
tomato,72.59,4178.94,12/20/2022,30.29,4.25,loamy,false,true,good
potato,71.66,3524.89,10/13/2022,42.61,37.68,clayey,false,false,poor
rice,40.45,1116.67,7/29/2022,40.63,14.1,sandy,true,true,excellent
rice,59.0,9248.32,6/3/2022,-12.57,49.57,clayey,false,false,fair
tomato,28.73,9773.22,7/18/2022,35.24,74.57,loamy,false,true,poor
potato,26.96,2624.16,2/11/2022,-16.71,64.16,sandy,true,false,good
lettuce,4.58,8072.27,9/18/2022,15.57,58.84,loamy,false,true,poor
corn,54.31,3204.42,11/21/2022,16.71,56.64,sandy,false,false,poor
wheat,12.51,1414.03,10/21/2022,44.67,97.04,loamy,false,true,fair
soybean,32.41,6207.48,8/4/2022,-29.77,74.22,clayey,false,true,poor
lettuce,13.0,5899.9,4/25/2022,-24.22,29.12,loamy,false,true,excellent
rice,81.85,3028.06,3/24/2022,39.5,88.7,loamy,false,true,excellent
oats,26.52,64.65,7/11/2022,-37.17,88.24,clayey,true,false,poor
oats,78.8,7054.96,10/14/2022,-2.66,44.59,loamy,true,false,good
cotton,33.63,7.42,9/8/2022,-25.29,70.41,loamy,true,true,fair
potato,75.04,6916.33,3/4/2022,-14.09,90.07,clayey,true,true,excellent
lettuce,94.91,1720.75,2/26/2022,47.67,61.4,loamy,true,true,poor
rice,26.22,9880.86,8/11/2022,5.62,10.64,sandy,false,true,excellent
oats,86.91,1574.21,7/30/2022,-24.46,58.73,loamy,true,true,poor
soybean,93.13,1831.48,2/16/2022,48.37,52.16,sandy,false,false,excellent
lettuce,69.7,1772.87,2/13/2022,-29.14,44.53,sandy,true,true,excellent
cotton,74.18,2717.77,4/4/2022,-4.47,23.42,loamy,true,true,good
soybean,87.19,8795.39,1/11/2022,-4.76,60.8,clayey,true,true,fair
cotton,81.37,2799.71,7/23/2022,-40.6,54.27,clayey,true,true,excellent
cotton,41.96,3619.47,10/24/2022,-43.45,47.53,loamy,true,true,poor
oats,2.98,9052.34,5/6/2022,-27.43,10.0,clayey,false,false,excellent
lettuce,40.78,2369.15,1/14/2022,24.32,93.97,clayey,true,false,poor
barley,47.14,1930.79,10/4/2022,20.15,98.16,loamy,false,false,excellent
potato,46.26,6115.38,2/27/2022,36.33,28.85,sandy,true,false,fair
wheat,31.06,9363.19,1/11/2022,44.29,57.87,loamy,false,false,good
wheat,52.09,9591.76,12/9/2022,-44.29,16.94,clayey,false,false,good
potato,3.02,5207.42,11/18/2022,7.44,53.98,clayey,true,false,fair
tomato,21.79,7854.54,4/3/2022,-20.62,78.38,sandy,true,true,fair
soybean,57.88,5364.95,8/20/2022,4.62,45.53,loamy,true,true,fair
soybean,77.66,3510.39,9/14/2022,-38.64,47.71,sandy,true,true,excellent
oats,3.6,8912.36,5/7/2022,-14.86,84.42,loamy,true,false,fair
barley,12.12,8112.0,5/24/2022,-45.22,56.41,sandy,true,true,poor
oats,98.21,5462.45,1/10/2022,22.98,39.32,sandy,false,false,fair
oats,91.4,9873.86,9/2/2022,-37.01,87.87,loamy,false,true,excellent
oats,34.51,2058.86,4/24/2022,29.1,21.8,sandy,false,true,excellent
lettuce,89.3,5974.29,1/9/2022,9.82,27.44,loamy,true,false,fair
soybean,64.14,2867.87,4/19/2022,-14.19,37.63,clayey,false,true,good
lettuce,47.77,1282.9,2/3/2022,-36.18,43.89,sandy,false,true,excellent
lettuce,39.81,3475.56,6/4/2022,30.87,92.21,clayey,true,false,fair
oats,39.31,2927.25,4/12/2022,-11.68,71.5,loamy,true,true,poor
corn,22.36,6928.61,1/10/2022,-41.55,7.32,clayey,false,true,fair
lettuce,39.89,4748.33,1/31/2022,-31.81,18.69,loamy,true,true,poor
oats,44.35,8796.84,12/15/2022,-2.44,81.87,loamy,true,true,excellent
tomato,55.96,580.16,11/6/2022,-3.82,75.3,loamy,true,true,poor
soybean,76.4,4823.24,4/27/2022,-22.18,88.23,loamy,true,true,fair
tomato,84.94,3067.78,11/15/2022,3.03,27.19,loamy,false,true,good
lettuce,30.31,9473.7,8/30/2022,23.58,58.07,clayey,false,true,excellent
lettuce,14.08,7786.66,12/4/2022,23.84,22.76,loamy,true,true,good
rice,53.02,2161.24,1/27/2022,-22.45,77.56,loamy,true,false,poor
barley,44.69,4056.02,1/12/2022,15.72,48.38,sandy,true,false,poor
oats,94.37,2430.32,2/27/2022,37.17,78.29,sandy,true,false,fair
corn,41.63,9485.7,1/4/2022,-19.0,56.97,clayey,false,true,good
oats,1.15,7600.64,7/26/2022,-43.07,31.49,loamy,true,false,poor
rice,98.55,9170.65,6/26/2022,-46.13,93.87,sandy,false,true,fair
oats,38.81,4092.48,1/22/2022,22.76,91.67,clayey,false,true,poor
soybean,41.18,4308.3,7/1/2022,39.12,70.76,sandy,true,false,poor
oats,20.06,3811.35,9/8/2022,-48.28,98.92,loamy,false,true,poor
potato,51.77,2670.16,10/7/2022,8.5,79.2,clayey,false,false,good
cotton,15.59,4812.98,4/30/2022,1.28,79.37,sandy,true,true,fair
corn,14.76,3044.84,12/4/2022,45.04,2.47,clayey,true,false,poor
barley,76.73,5763.16,4/22/2022,22.72,75.57,clayey,false,true,good
soybean,76.29,4107.3,11/29/2022,29.14,60.27,clayey,true,false,fair
tomato,67.05,9732.02,10/23/2022,-6.74,90.96,loamy,false,true,fair
oats,27.03,4492.13,1/21/2022,-0.48,47.66,sandy,false,false,fair
wheat,34.35,3662.37,5/14/2022,-34.24,18.45,clayey,false,false,poor
wheat,38.92,9216.92,9/11/2022,43.42,58.38,sandy,true,false,good
tomato,91.34,4813.74,12/7/2022,-14.94,19.47,clayey,false,true,excellent
corn,70.26,6214.02,12/14/2022,28.98,72.22,clayey,true,false,good
tomato,94.08,6813.87,6/15/2022,-32.28,63.94,clayey,false,true,fair
corn,94.67,2945.3,12/28/2022,-48.49,89.75,clayey,true,true,fair
oats,49.43,1938.69,4/28/2022,27.05,85.41,sandy,false,true,poor
wheat,31.08,3233.57,1/24/2022,-33.21,84.86,sandy,false,false,good
cotton,66.57,1786.52,4/9/2022,-40.35,43.86,clayey,false,false,good
wheat,41.56,8973.96,6/22/2022,-15.86,63.05,loamy,false,true,fair
soybean,86.62,1808.06,8/29/2022,13.31,12.07,clayey,false,false,good
soybean,95.84,4187.9,1/17/2022,-36.76,74.55,loamy,true,true,excellent
rice,53.91,3078.55,11/19/2022,27.09,65.68,loamy,false,false,excellent
tomato,10.62,9100.59,2/24/2022,-20.79,38.83,loamy,true,true,good
wheat,56.87,4475.21,1/28/2022,-8.16,92.74,sandy,true,true,excellent
cotton,84.59,8202.66,3/8/2022,-35.22,28.74,loamy,true,false,poor
cotton,90.45,1092.14,12/19/2022,-22.37,14.32,sandy,true,true,fair
tomato,84.56,5998.84,11/2/2022,-3.8,78.24,clayey,false,false,poor
cotton,59.03,4010.12,4/13/2022,-34.81,7.91,sandy,false,false,excellent
potato,73.93,4821.99,11/14/2022,-21.64,91.77,sandy,true,false,poor
cotton,64.18,4254.16,9/30/2022,-5.54,18.81,loamy,true,false,poor
cotton,67.16,4550.95,7/24/2022,27.34,75.36,clayey,false,true,good
barley,63.35,9602.05,12/4/2022,40.9,33.17,sandy,false,false,poor
soybean,48.79,6043.39,1/18/2022,-44.23,72.53,clayey,false,false,good
cotton,1.63,3536.34,1/3/2022,-49.68,49.46,loamy,false,false,poor
cotton,32.67,3518.26,10/8/2022,-5.43,10.22,clayey,false,false,good
lettuce,43.32,3970.11,1/13/2022,-13.06,78.92,clayey,false,true,fair
potato,40.03,910.46,4/18/2022,8.86,64.35,loamy,true,true,fair
potato,82.6,4295.97,2/19/2022,14.54,57.97,sandy,false,true,poor
tomato,17.81,6853.97,5/13/2022,-18.39,80.32,clayey,true,false,excellent
rice,84.02,4148.13,3/3/2022,-10.66,29.28,sandy,true,true,excellent
barley,96.85,6560.52,2/14/2022,42.8,77.22,loamy,false,true,fair
rice,42.62,4839.39,11/19/2022,33.1,61.73,clayey,true,true,fair
soybean,94.24,5027.05,7/28/2022,47.34,2.11,loamy,true,false,good
cotton,52.29,4303.79,2/1/2022,-1.14,39.55,loamy,true,true,fair
oats,13.6,2381.39,4/27/2022,-5.94,90.65,clayey,true,false,fair
rice,43.54,8327.82,1/4/2022,-21.11,70.23,clayey,true,false,good
cotton,90.42,8543.36,6/12/2022,-27.54,9.37,loamy,true,true,poor
rice,64.1,8147.18,8/2/2022,-41.1,45.77,sandy,true,false,fair
tomato,99.23,7357.82,7/30/2022,-33.68,27.06,clayey,true,false,fair
soybean,50.74,8095.35,4/19/2022,40.13,74.87,clayey,false,true,poor
corn,12.25,1893.65,8/4/2022,45.9,23.53,loamy,false,true,poor
wheat,97.73,2408.8,8/30/2022,24.64,39.27,loamy,true,false,good
potato,9.29,3476.91,10/6/2022,-29.23,4.68,clayey,false,false,fair
rice,76.46,1094.81,4/5/2022,-8.18,69.26,loamy,false,false,poor
lettuce,67.74,29.52,9/3/2022,-16.28,14.01,clayey,true,false,good
barley,47.76,977.03,6/19/2022,-4.14,50.39,loamy,false,false,good
rice,93.68,5980.31,2/27/2022,-5.67,34.56,sandy,true,true,fair
lettuce,78.5,2445.8,6/23/2022,-8.98,18.15,loamy,false,true,poor
barley,80.97,3701.12,2/10/2022,41.96,21.72,loamy,false,true,good
barley,48.11,2846.34,3/5/2022,14.45,57.83,sandy,true,false,excellent
lettuce,51.4,4927.11,10/9/2022,-18.29,54.43,loamy,false,true,good
potato,4.49,9268.06,10/26/2022,-49.3,48.51,sandy,false,true,excellent
rice,98.84,4742.74,7/13/2022,26.19,88.11,loamy,true,true,excellent
rice,41.31,9868.67,4/3/2022,-24.82,79.88,loamy,false,false,excellent
soybean,37.66,9280.66,6/4/2022,-27.12,48.74,clayey,false,true,good
wheat,56.88,5519.08,5/18/2022,14.29,5.12,loamy,true,false,poor
potato,38.65,7879.84,6/28/2022,-34.07,77.04,sandy,true,true,poor
tomato,74.27,9612.82,9/20/2022,11.5,29.83,clayey,false,false,good
oats,58.77,3371.8,11/6/2022,-41.06,80.9,loamy,true,true,fair
soybean,19.65,5898.09,2/8/2022,49.25,97.43,loamy,false,false,fair
potato,1.98,8441.02,7/2/2022,-9.86,10.55,clayey,false,false,fair
corn,44.69,8854.7,7/5/2022,49.34,28.72,sandy,false,false,good
cotton,98.1,8200.49,6/28/2022,20.17,26.1,loamy,true,true,poor
lettuce,52.87,7171.32,5/19/2022,34.12,16.49,clayey,true,true,fair
wheat,5.95,4354.8,5/27/2022,11.41,12.87,sandy,true,false,good
corn,19.55,5583.23,9/1/2022,-46.12,7.25,clayey,true,true,poor
barley,4.23,9238.49,6/29/2022,-34.04,78.33,loamy,true,true,fair
cotton,50.77,8516.97,8/17/2022,-25.09,43.65,loamy,false,false,good
oats,16.51,1455.28,1/29/2022,-47.57,14.32,sandy,false,true,fair
wheat,82.02,3483.1,4/13/2022,37.97,57.48,loamy,true,true,poor
cotton,36.41,6427.2,2/26/2022,18.01,69.87,clayey,true,false,poor
lettuce,55.32,8755.58,10/17/2022,7.08,54.38,sandy,false,true,poor
wheat,28.69,8939.55,10/4/2022,24.95,4.14,clayey,false,false,poor
cotton,10.13,8447.15,11/21/2022,25.45,5.44,clayey,false,true,excellent
tomato,96.62,3576.69,3/17/2022,-1.5,63.37,clayey,false,true,poor
tomato,46.18,2003.9,6/5/2022,40.06,53.48,loamy,false,false,fair
tomato,47.63,2898.59,11/5/2022,32.88,87.85,loamy,false,false,excellent
rice,95.53,9617.4,10/23/2022,0.49,36.54,loamy,true,false,excellent
potato,28.57,1463.62,6/17/2022,25.08,49.22,sandy,false,true,fair
potato,72.49,9731.79,1/14/2022,41.23,43.07,sandy,true,false,good
lettuce,88.22,1398.25,10/19/2022,-46.72,80.73,loamy,true,true,fair
rice,71.98,9984.1,7/22/2022,10.83,30.57,clayey,false,true,poor
wheat,13.85,8204.63,8/5/2022,-20.65,9.0,sandy,false,false,good
corn,66.68,7322.61,12/16/2022,28.09,41.97,loamy,true,true,poor
oats,8.38,9882.4,11/16/2022,-11.54,90.21,clayey,false,true,poor
soybean,35.18,805.6,2/16/2022,-0.02,35.89,sandy,false,true,excellent
tomato,40.45,6903.54,1/22/2022,49.66,94.11,clayey,true,false,poor
wheat,83.59,4584.47,10/3/2022,22.52,77.58,loamy,true,true,fair
potato,0.84,908.11,5/13/2022,-39.19,3.27,sandy,false,false,poor
soybean,53.51,8363.56,12/22/2022,-3.36,84.79,loamy,false,true,good
barley,94.38,6821.4,11/24/2022,-46.71,32.85,loamy,true,true,fair
lettuce,8.02,7827.18,11/4/2022,-0.76,18.3,loamy,false,true,poor
soybean,32.59,7616.87,7/26/2022,47.43,25.82,clayey,false,false,poor
oats,29.52,2708.6,3/25/2022,-10.84,60.66,clayey,false,true,fair
barley,92.2,1798.69,10/5/2022,11.21,51.77,loamy,false,true,good
barley,21.91,6345.74,8/22/2022,-9.81,66.62,sandy,true,true,excellent
corn,42.0,6509.37,1/9/2022,-27.97,67.17,clayey,false,true,excellent
oats,5.31,2008.15,10/28/2022,12.36,35.5,loamy,false,true,poor
soybean,55.71,7212.86,1/3/2022,8.26,25.34,clayey,false,true,poor
wheat,74.38,6341.02,6/22/2022,28.29,58.95,loamy,true,true,good
lettuce,95.13,5270.44,10/14/2022,-29.66,6.02,sandy,false,false,excellent
barley,82.23,2804.92,5/14/2022,-19.1,90.24,clayey,true,true,good
potato,31.96,7214.23,1/30/2022,33.21,10.43,clayey,false,true,poor
soybean,49.87,9977.8,12/30/2022,35.98,0.49,sandy,false,false,good
rice,26.68,7918.54,8/23/2022,-26.43,57.88,clayey,true,true,poor
cotton,79.19,1831.75,3/24/2022,-38.49,85.21,clayey,false,false,excellent
oats,1.15,7592.74,5/8/2022,-42.88,27.32,sandy,false,true,excellent
soybean,28.96,1544.45,3/5/2022,-0.88,51.69,sandy,true,false,fair
wheat,7.7,5489.07,6/4/2022,-43.24,57.58,clayey,false,true,poor
oats,69.49,4457.44,10/25/2022,36.82,57.84,clayey,false,false,excellent
cotton,40.58,803.67,10/6/2022,35.46,0.33,loamy,true,true,excellent
tomato,88.18,7867.73,2/1/2022,9.16,14.21,loamy,true,true,fair
barley,64.32,9807.08,2/11/2022,-22.49,26.34,sandy,true,true,fair
oats,84.95,1186.37,3/16/2022,6.41,3.37,clayey,false,false,good
lettuce,53.02,7389.17,5/23/2022,-44.68,23.37,loamy,true,false,excellent
soybean,65.78,4923.7,9/23/2022,33.98,51.01,loamy,false,true,excellent
oats,78.72,6363.76,7/24/2022,13.29,5.89,sandy,true,false,excellent
lettuce,90.73,1533.55,6/20/2022,43.77,60.11,sandy,true,true,poor
soybean,74.12,2707.77,12/27/2022,20.26,60.01,clayey,false,true,poor
barley,11.6,3623.73,7/15/2022,-40.26,9.38,clayey,false,true,good
corn,10.28,3748.03,3/1/2022,11.43,8.44,sandy,true,true,excellent
potato,28.03,3414.83,11/4/2022,-36.07,58.34,clayey,true,true,excellent
lettuce,78.66,1601.15,5/10/2022,33.57,4.37,loamy,true,true,good
corn,4.95,6811.75,11/22/2022,-11.5,58.87,clayey,true,true,excellent
wheat,88.99,2038.89,2/8/2022,44.7,82.55,loamy,false,false,excellent
potato,12.21,245.59,6/14/2022,1.53,43.17,loamy,false,true,poor
oats,75.69,5778.89,6/18/2022,35.7,36.72,loamy,true,false,excellent
corn,25.52,2387.55,11/11/2022,32.5,53.96,loamy,true,true,good
soybean,11.18,6652.63,1/14/2022,-6.44,42.88,sandy,true,false,fair
wheat,15.08,2091.53,5/18/2022,26.3,35.12,sandy,false,true,poor
cotton,97.98,2522.13,4/22/2022,-46.96,88.9,clayey,false,false,poor
potato,18.6,4649.17,9/16/2022,33.35,25.26,clayey,true,true,poor
rice,21.39,2552.45,8/17/2022,20.36,51.78,clayey,false,false,fair
barley,62.54,7280.0,12/1/2022,29.82,81.64,clayey,false,true,excellent
potato,35.21,7189.14,6/28/2022,-42.5,3.79,sandy,true,true,good
cotton,30.68,83.43,11/23/2022,-38.59,9.54,clayey,false,true,good
corn,23.25,7701.25,1/28/2022,16.33,86.82,sandy,false,false,poor
tomato,93.03,7803.1,6/8/2022,30.89,84.76,sandy,true,false,poor
barley,69.85,7678.11,7/8/2022,39.45,41.8,clayey,true,true,excellent
potato,24.24,682.77,2/17/2022,-15.11,9.53,clayey,false,false,poor
tomato,23.6,3316.33,10/30/2022,34.94,56.13,sandy,true,true,good
barley,10.0,3753.42,7/7/2022,4.82,2.01,loamy,false,false,poor
soybean,5.15,174.81,10/28/2022,45.16,48.77,clayey,true,false,poor
rice,44.01,7323.68,2/9/2022,44.06,23.41,clayey,true,true,excellent
lettuce,92.73,5992.55,6/27/2022,19.53,19.01,sandy,false,true,fair
rice,15.04,5061.02,5/9/2022,27.78,71.15,loamy,false,true,excellent
potato,10.77,6504.17,2/25/2022,19.17,36.08,loamy,false,true,poor
potato,87.36,6375.53,10/6/2022,45.78,31.27,sandy,false,false,fair
rice,4.11,1972.44,10/30/2022,42.05,9.67,clayey,false,true,fair
tomato,78.19,6024.21,8/28/2022,46.26,23.77,sandy,true,false,poor
oats,79.39,7004.61,9/14/2022,7.68,0.53,clayey,false,false,excellent
soybean,47.43,4087.18,7/17/2022,-6.27,71.99,sandy,true,true,excellent
barley,25.64,4332.47,11/23/2022,49.32,63.46,loamy,true,true,fair
soybean,9.78,1869.56,12/10/2022,-14.31,37.89,loamy,true,false,fair
oats,11.15,5925.76,11/13/2022,8.77,10.14,sandy,true,false,fair
cotton,8.28,9321.07,9/20/2022,8.79,2.19,sandy,true,true,fair
corn,43.22,1321.85,5/29/2022,-38.83,82.87,sandy,false,false,fair
wheat,57.9,9331.55,10/24/2022,-48.66,89.28,sandy,true,false,excellent
tomato,55.29,9033.65,3/14/2022,-24.72,16.27,sandy,false,true,poor
soybean,0.05,5862.92,12/18/2022,-0.85,27.96,sandy,true,true,good
oats,20.43,6856.13,3/9/2022,-24.62,9.05,loamy,false,false,fair
potato,68.58,6893.02,7/23/2022,27.27,18.06,sandy,false,false,fair
soybean,55.12,1216.67,12/18/2022,-28.0,68.15,loamy,true,true,fair
wheat,51.16,2365.74,7/5/2022,12.3,39.12,sandy,false,true,poor
cotton,22.85,9560.47,10/4/2022,-29.47,96.34,sandy,true,true,good
potato,38.35,273.72,5/20/2022,49.81,82.88,sandy,true,false,fair
corn,29.16,480.94,8/25/2022,-30.56,49.75,sandy,false,true,poor
soybean,1.91,2695.53,3/14/2022,17.89,33.37,sandy,true,true,excellent
corn,9.42,5774.75,1/13/2022,0.27,59.57,clayey,false,true,poor
soybean,39.38,9979.79,5/13/2022,-42.78,58.19,sandy,false,true,excellent
barley,8.3,4640.93,10/11/2022,-39.96,42.21,sandy,true,true,excellent
barley,69.65,952.93,2/8/2022,16.28,40.02,loamy,false,false,fair
lettuce,57.57,7844.78,6/17/2022,32.71,45.71,clayey,true,true,excellent
cotton,18.56,8820.03,4/13/2022,-44.6,2.82,clayey,true,false,fair
oats,87.4,3878.19,7/24/2022,-14.81,73.31,clayey,true,false,excellent
lettuce,78.96,4852.32,4/14/2022,-22.96,91.24,loamy,true,false,fair
corn,69.45,4619.94,8/4/2022,-45.85,46.79,sandy,false,false,good
cotton,1.48,6306.66,5/14/2022,-19.99,31.82,loamy,false,false,fair
lettuce,94.11,1480.19,12/12/2022,-24.04,50.64,clayey,true,true,excellent
oats,32.05,655.05,1/19/2022,47.19,51.3,loamy,false,false,fair
lettuce,25.05,1533.41,8/7/2022,22.18,98.75,sandy,true,false,good
lettuce,61.09,9217.75,11/12/2022,6.28,65.87,loamy,false,true,fair
cotton,4.31,6050.51,3/24/2022,9.14,64.42,sandy,true,true,poor
wheat,43.14,5606.01,3/22/2022,31.55,43.39,clayey,false,false,fair
wheat,86.61,1557.73,5/5/2022,-32.39,51.09,clayey,true,true,fair
corn,15.75,1073.26,10/16/2022,-21.54,51.14,clayey,true,false,poor
cotton,5.2,7017.32,3/17/2022,-0.67,47.43,clayey,true,false,fair
cotton,70.84,8959.84,10/22/2022,36.67,70.62,sandy,true,false,excellent
wheat,17.34,6743.19,5/7/2022,-43.37,10.01,loamy,true,true,poor
barley,41.4,5891.18,10/27/2022,33.72,64.71,loamy,true,false,fair
soybean,91.24,3165.37,6/27/2022,44.31,81.39,loamy,false,false,excellent
oats,46.85,724.5,9/30/2022,-21.47,30.59,clayey,false,true,fair
potato,4.44,6413.86,12/21/2022,-23.89,18.82,loamy,false,true,excellent
cotton,0.88,9107.36,11/21/2022,12.32,27.64,sandy,true,true,good
oats,56.79,8744.49,1/1/2022,33.57,89.84,loamy,true,true,good
oats,71.8,2684.3,12/13/2022,-13.2,7.81,sandy,false,true,excellent
barley,16.04,4790.35,2/14/2022,-13.88,56.92,loamy,false,true,poor
barley,28.56,4648.95,8/21/2022,2.96,42.8,sandy,false,true,poor
rice,93.99,6642.48,8/24/2022,37.63,64.86,loamy,false,true,fair
cotton,86.35,5585.62,11/3/2022,-46.18,86.85,loamy,true,false,good
rice,72.59,1585.61,5/15/2022,-47.82,96.31,loamy,false,false,poor
barley,40.91,5326.11,6/26/2022,26.03,28.01,sandy,true,true,good
lettuce,82.72,2548.02,5/6/2022,-7.5,72.66,clayey,false,true,good
soybean,24.69,2460.84,1/18/2022,-41.76,54.43,sandy,true,false,poor
potato,20.86,3011.83,12/11/2022,6.17,69.53,clayey,true,true,good
tomato,24.32,3143.16,1/21/2022,-0.68,61.82,clayey,false,true,fair
cotton,58.26,7476.57,4/22/2022,22.55,54.31,loamy,true,true,excellent
rice,95.1,669.25,8/30/2022,-25.29,17.33,clayey,true,true,excellent
potato,45.83,440.64,11/7/2022,19.06,67.45,clayey,false,true,poor
lettuce,45.3,8887.69,10/23/2022,-4.73,19.4,clayey,false,false,poor
soybean,10.87,6742.7,7/30/2022,-23.68,31.2,clayey,true,false,fair
wheat,6.73,3053.01,6/28/2022,-34.75,65.64,loamy,true,false,poor
potato,70.13,1717.9,12/24/2022,-0.04,47.93,sandy,true,false,good
corn,96.36,9559.83,9/14/2022,-49.19,98.17,loamy,false,false,poor
wheat,1.59,7274.95,7/29/2022,22.68,31.82,sandy,false,true,excellent
corn,33.61,4824.96,9/2/2022,-7.79,61.68,clayey,false,false,poor
cotton,78.88,4444.96,10/12/2022,-24.41,11.4,clayey,true,false,good
corn,93.35,9364.56,10/7/2022,-34.49,44.04,sandy,false,false,good
rice,62.43,1731.9,1/28/2022,8.27,24.15,loamy,false,true,fair
oats,73.15,3700.71,2/11/2022,40.49,94.68,loamy,false,true,excellent
corn,81.93,4556.34,9/21/2022,-6.58,38.96,clayey,true,false,fair
cotton,9.63,6455.02,2/4/2022,-20.63,15.46,sandy,false,false,fair
tomato,32.78,9581.29,10/18/2022,-6.06,2.66,loamy,false,true,good
barley,17.97,9884.15,3/22/2022,14.4,4.88,sandy,false,false,good
corn,28.69,3936.98,9/4/2022,40.56,69.8,clayey,false,true,excellent
soybean,97.42,2476.25,8/10/2022,-45.26,7.52,loamy,false,true,good
potato,20.79,4915.61,7/6/2022,-46.52,2.55,clayey,false,true,poor
lettuce,77.02,3155.54,5/7/2022,47.79,7.43,loamy,true,false,good
barley,44.59,77.95,5/21/2022,-37.98,79.37,clayey,true,false,fair
rice,1.29,5457.25,10/8/2022,-39.74,38.8,sandy,true,true,excellent
barley,77.88,8617.88,8/15/2022,-25.17,23.23,loamy,false,true,poor
corn,52.17,2911.03,4/9/2022,17.54,62.24,sandy,false,true,fair
soybean,99.9,8911.81,2/14/2022,19.9,41.56,sandy,false,true,excellent
oats,18.51,7381.79,3/28/2022,39.03,51.88,clayey,true,true,good
cotton,87.1,7655.67,3/30/2022,-6.21,76.18,sandy,false,false,excellent
oats,88.7,4704.4,5/4/2022,17.79,51.79,loamy,false,false,fair
cotton,70.05,396.76,1/24/2022,33.51,32.44,loamy,false,false,excellent
wheat,43.21,5689.72,4/18/2022,14.28,28.78,loamy,true,false,good
barley,39.51,3204.33,6/17/2022,-33.39,3.5,loamy,true,false,good
corn,0.03,1817.3,6/14/2022,32.41,41.24,clayey,false,true,excellent
barley,58.54,4471.77,10/31/2022,48.89,25.45,sandy,false,false,excellent
potato,41.15,372.85,6/1/2022,5.4,95.95,clayey,true,true,excellent
soybean,90.57,7159.93,11/30/2022,45.15,30.6,clayey,true,false,excellent
barley,24.65,4799.13,11/29/2022,16.12,11.36,loamy,false,false,excellent
rice,2.52,5078.9,12/20/2022,16.84,23.49,loamy,false,false,good
tomato,28.01,7965.4,5/21/2022,22.04,47.25,clayey,false,false,poor
barley,15.71,2557.95,4/17/2022,-19.33,22.77,loamy,true,false,good
tomato,35.91,1441.83,11/7/2022,-8.36,6.98,loamy,true,false,poor
soybean,78.99,8270.51,10/29/2022,-17.89,43.43,sandy,false,false,excellent
barley,5.29,5887.07,5/15/2022,-34.34,63.33,loamy,false,true,excellent
soybean,37.76,7010.53,7/24/2022,7.05,49.04,clayey,false,true,excellent
lettuce,58.36,7284.97,10/16/2022,-0.86,48.1,loamy,false,false,poor
barley,78.25,2082.05,8/2/2022,-40.8,16.98,loamy,false,false,fair
wheat,32.78,7422.61,4/19/2022,-25.22,48.38,sandy,false,false,excellent
rice,86.12,1107.86,5/9/2022,30.64,13.49,loamy,true,true,fair
oats,81.11,7569.07,5/1/2022,-14.93,6.58,clayey,true,false,fair
potato,32.24,1859.02,6/6/2022,-25.44,23.5,sandy,true,false,excellent
corn,79.36,2239.87,1/31/2022,42.17,39.94,loamy,true,false,fair
oats,41.7,2794.21,9/15/2022,18.6,42.16,sandy,true,false,excellent
cotton,49.1,421.98,5/19/2022,33.98,71.57,sandy,false,true,good
tomato,49.21,7417.62,7/1/2022,14.24,61.85,sandy,false,true,good
lettuce,27.31,8877.63,12/18/2022,35.21,71.47,loamy,false,true,excellent
soybean,88.86,7282.36,9/3/2022,-21.09,59.22,clayey,true,false,fair
tomato,31.98,1663.09,6/3/2022,28.07,53.79,sandy,true,false,poor
oats,67.83,2879.14,2/10/2022,-6.49,73.96,clayey,true,true,good
barley,84.26,9996.04,8/23/2022,-19.87,62.63,sandy,false,false,excellent
tomato,83.55,2285.28,8/26/2022,-36.17,43.15,clayey,true,true,fair
tomato,68.5,4730.31,6/5/2022,-25.14,24.51,sandy,true,true,good
soybean,78.67,6347.0,7/7/2022,-33.42,56.4,sandy,false,false,good
cotton,1.17,3098.22,7/25/2022,4.3,7.11,clayey,true,true,good
oats,93.76,5013.45,1/8/2022,-14.66,58.2,sandy,true,true,poor
cotton,1.36,6502.48,8/20/2022,-44.91,42.98,clayey,true,false,poor
lettuce,35.02,1868.32,5/6/2022,-34.4,29.53,clayey,true,true,poor
tomato,72.02,9456.41,9/7/2022,18.74,71.76,sandy,true,false,good
tomato,70.48,2103.03,3/14/2022,-33.41,42.29,loamy,true,true,poor
potato,88.02,3625.17,12/18/2022,15.19,6.56,sandy,false,true,fair
oats,36.37,4910.28,12/5/2022,6.4,7.73,clayey,false,false,fair
potato,35.19,2087.12,4/22/2022,16.84,79.79,sandy,false,false,excellent
corn,29.95,8819.06,5/15/2022,31.12,36.94,loamy,true,true,good
barley,47.21,5048.31,6/23/2022,3.18,16.51,clayey,false,true,fair
wheat,40.11,1057.32,9/16/2022,-43.16,86.12,loamy,false,false,good
oats,2.35,804.86,7/6/2022,19.32,28.22,sandy,true,false,good
soybean,7.39,5532.72,10/31/2022,-39.35,59.58,sandy,false,true,poor
tomato,31.14,6685.09,2/8/2022,-48.87,26.37,loamy,false,false,excellent
potato,89.23,8117.76,2/16/2022,-19.15,33.74,sandy,false,true,good
potato,72.6,6524.85,5/21/2022,40.2,87.65,sandy,false,false,fair
soybean,81.05,1845.66,2/13/2022,-24.75,20.71,sandy,true,false,good
barley,14.57,89.7,7/21/2022,-13.01,26.11,clayey,true,true,poor
barley,53.41,8320.07,1/21/2022,-4.91,24.04,sandy,true,false,fair
barley,20.12,9727.95,7/23/2022,32.1,59.48,sandy,false,false,fair
soybean,57.18,1991.75,3/7/2022,0.04,72.79,sandy,false,true,good
barley,38.85,274.2,1/26/2022,8.37,83.79,clayey,true,false,good
wheat,85.4,598.76,12/13/2022,25.79,68.35,sandy,true,true,good
barley,69.56,4804.79,7/19/2022,-39.96,72.56,clayey,true,true,fair
oats,59.83,1694.63,4/22/2022,-22.22,78.56,loamy,false,false,poor
rice,2.7,8814.52,4/22/2022,-49.38,30.36,loamy,true,false,good
wheat,98.11,1396.51,2/11/2022,-34.22,71.62,sandy,false,true,excellent
potato,99.4,3651.78,12/30/2022,35.52,80.62,clayey,false,false,fair
wheat,63.47,4198.72,12/16/2022,36.75,83.79,loamy,false,false,good
soybean,38.94,7279.54,2/16/2022,8.97,84.78,sandy,false,false,excellent
cotton,58.16,1603.93,11/1/2022,-0.93,75.68,sandy,true,true,poor
cotton,78.13,2713.72,5/31/2022,0.37,0.37,clayey,true,false,excellent
soybean,55.83,1682.98,12/23/2022,-7.37,86.63,clayey,true,false,good
barley,27.22,4338.34,8/26/2022,-44.89,55.13,sandy,true,true,fair
cotton,14.86,3313.96,2/5/2022,20.18,1.96,sandy,true,true,good
tomato,73.75,639.6,10/8/2022,-21.05,43.83,loamy,true,true,excellent
wheat,67.43,4257.38,3/19/2022,-15.55,2.82,loamy,true,false,fair
lettuce,72.08,2786.76,9/19/2022,-27.55,59.3,sandy,false,false,poor
barley,5.0,9534.92,12/9/2022,-43.83,14.6,clayey,false,true,poor
cotton,87.42,445.05,9/6/2022,-3.56,24.08,sandy,true,false,fair
corn,73.97,865.67,3/22/2022,30.6,75.52,sandy,false,false,fair
barley,23.78,6916.1,7/23/2022,-41.75,65.23,sandy,true,false,poor
corn,53.93,8460.48,4/20/2022,8.83,33.9,clayey,true,false,fair
lettuce,91.68,2433.1,10/8/2022,-16.36,65.77,clayey,true,false,good
soybean,95.28,3103.78,6/12/2022,6.05,7.55,clayey,false,false,fair
potato,20.2,5455.48,8/25/2022,-5.14,33.78,clayey,true,false,good
potato,45.35,7603.92,6/10/2022,-42.86,88.52,sandy,false,true,good
oats,11.18,8331.17,5/14/2022,-12.57,82.87,clayey,true,false,good
oats,40.46,449.49,5/15/2022,6.63,55.3,clayey,true,true,poor
oats,61.64,4959.14,8/8/2022,-42.4,17.47,clayey,false,true,excellent
lettuce,65.82,2446.06,3/9/2022,-11.39,25.17,clayey,true,false,fair
corn,61.38,1271.54,8/8/2022,-23.42,90.3,loamy,false,false,fair
soybean,15.72,4163.13,5/9/2022,46.97,80.84,clayey,true,false,fair
wheat,36.96,646.68,1/12/2022,-4.82,92.75,loamy,false,false,fair
tomato,94.64,8747.46,10/21/2022,37.95,59.3,loamy,false,true,excellent
lettuce,4.15,4122.74,1/21/2022,31.19,89.77,loamy,true,false,good
oats,56.09,8640.24,3/26/2022,22.94,12.58,sandy,true,false,poor
cotton,55.31,5229.25,5/16/2022,43.74,89.72,sandy,true,false,excellent
potato,70.67,5134.43,8/17/2022,-39.7,90.66,clayey,false,false,good
cotton,39.42,2851.34,12/29/2022,-14.69,83.35,clayey,true,true,good
lettuce,45.9,2988.12,9/10/2022,41.66,99.6,sandy,false,true,excellent
tomato,25.75,438.44,7/31/2022,20.55,78.57,sandy,false,false,excellent
oats,10.75,6803.94,1/24/2022,9.63,15.35,loamy,false,false,excellent
rice,53.16,117.2,6/11/2022,-1.5,21.52,loamy,true,true,fair
rice,34.6,9220.89,11/20/2022,21.18,84.12,clayey,false,false,excellent
wheat,46.57,2907.68,10/28/2022,25.37,68.43,sandy,false,false,good
potato,44.29,400.6,10/11/2022,41.86,39.73,loamy,true,true,fair
corn,75.33,3100.24,9/22/2022,22.94,3.68,sandy,false,true,poor
potato,15.14,7396.46,10/23/2022,46.26,69.34,loamy,true,false,poor
tomato,69.57,466.31,1/15/2022,-24.72,52.08,loamy,false,true,fair
barley,83.49,1480.62,11/12/2022,9.09,96.77,loamy,false,true,fair
corn,92.57,4143.79,4/17/2022,-46.75,66.4,clayey,true,true,good
oats,25.41,8360.85,5/8/2022,-36.38,36.86,loamy,false,false,excellent
soybean,58.65,7865.56,6/3/2022,44.11,21.54,loamy,true,false,fair
potato,90.43,3426.27,2/5/2022,-14.97,77.09,clayey,false,false,good
wheat,6.3,9653.22,4/8/2022,-48.08,39.39,clayey,true,false,poor
oats,69.62,3439.17,5/13/2022,38.12,79.96,sandy,true,true,good
oats,44.34,169.73,12/28/2022,15.72,80.82,loamy,true,true,poor
potato,16.43,895.97,6/3/2022,26.47,15.52,clayey,false,false,fair
cotton,64.91,6709.22,11/24/2022,-9.47,63.6,sandy,true,false,excellent
tomato,12.03,757.89,3/10/2022,46.01,52.3,loamy,true,false,fair
wheat,67.32,8930.92,11/22/2022,22.99,64.97,sandy,true,true,fair
corn,4.68,3352.96,3/19/2022,39.19,44.21,loamy,true,true,poor
oats,51.42,892.34,8/8/2022,-40.58,81.97,sandy,false,true,good
barley,64.33,210.96,8/16/2022,41.86,42.27,clayey,false,true,poor
oats,30.94,6080.76,5/15/2022,37.1,87.05,clayey,true,false,good
corn,86.59,3383.49,5/23/2022,4.52,6.48,loamy,true,false,fair
cotton,22.95,3949.25,10/29/2022,30.37,86.4,clayey,false,false,fair
tomato,21.05,1979.51,2/12/2022,24.42,47.45,loamy,false,true,fair
soybean,6.5,9950.35,9/22/2022,38.07,10.12,loamy,false,false,excellent
rice,28.49,7421.41,1/26/2022,29.64,45.13,clayey,true,false,good
cotton,88.94,3194.03,4/25/2022,20.42,68.47,loamy,true,true,poor
wheat,2.4,9457.86,6/21/2022,-17.11,73.72,clayey,false,false,fair
tomato,86.75,2077.56,11/8/2022,-9.07,33.57,sandy,false,true,good
soybean,13.29,598.08,5/17/2022,-28.35,26.52,loamy,true,false,poor
wheat,9.93,8629.4,4/1/2022,-31.22,96.43,clayey,false,true,excellent
oats,19.87,195.1,10/21/2022,-33.17,70.61,loamy,true,false,good
rice,45.07,2332.06,10/5/2022,-47.44,64.22,clayey,false,true,excellent
tomato,5.32,8675.81,9/12/2022,35.83,97.85,sandy,false,false,excellent
oats,43.05,7318.56,12/1/2022,49.68,10.89,clayey,true,true,good
tomato,8.08,944.99,9/9/2022,-36.05,93.96,clayey,true,true,good
cotton,98.49,5079.57,11/11/2022,45.16,36.76,loamy,false,false,good
barley,46.58,1443.47,11/2/2022,30.49,47.2,sandy,false,false,good
barley,72.42,7620.94,2/11/2022,33.87,97.08,loamy,false,false,poor
soybean,35.61,7495.4,11/21/2022,-12.9,43.27,loamy,true,true,excellent
cotton,70.44,5873.8,5/10/2022,27.61,91.54,loamy,true,false,fair
potato,61.45,4715.25,2/20/2022,-40.17,2.1,clayey,false,false,excellent
corn,8.98,6534.06,5/31/2022,-46.17,15.89,loamy,false,false,good
rice,91.89,7228.44,2/15/2022,44.07,46.46,sandy,false,false,excellent
rice,64.13,3578.48,3/3/2022,41.66,7.57,sandy,false,true,poor
oats,29.3,979.32,4/6/2022,12.06,93.93,clayey,false,false,poor
rice,37.06,5427.36,6/24/2022,4.65,36.03,sandy,true,true,poor
soybean,27.49,1792.0,11/16/2022,41.15,45.54,clayey,false,false,good
potato,87.87,9903.31,5/3/2022,-26.7,78.14,loamy,false,true,good
corn,47.79,7184.72,8/15/2022,43.91,49.09,clayey,true,false,excellent
potato,42.47,5861.91,1/5/2022,-2.98,94.52,loamy,true,true,excellent
potato,3.31,3813.14,3/18/2022,-27.12,26.33,sandy,true,false,excellent
tomato,36.75,1919.27,1/23/2022,-31.78,35.26,loamy,false,true,good
cotton,56.58,7611.42,9/27/2022,-13.25,62.26,clayey,true,true,excellent
barley,72.5,7617.72,5/3/2022,-26.11,49.72,sandy,false,true,excellent
rice,30.35,2053.53,1/29/2022,-31.82,95.05,clayey,false,true,poor
potato,22.1,8803.52,1/14/2022,-37.05,3.23,loamy,false,true,poor
tomato,81.83,995.58,5/30/2022,18.2,25.19,clayey,false,true,fair
corn,15.17,1514.5,3/3/2022,36.65,11.09,loamy,true,false,poor
cotton,55.37,7214.47,11/27/2022,8.15,51.87,loamy,false,false,good
tomato,25.8,8814.22,3/5/2022,-6.07,73.5,clayey,true,true,fair
cotton,7.53,1127.95,10/8/2022,29.1,31.33,loamy,true,false,excellent
lettuce,8.89,8181.67,1/18/2022,-2.21,10.54,loamy,false,true,good
cotton,24.0,3740.01,2/8/2022,-15.22,24.23,clayey,true,true,fair
rice,51.72,1444.18,3/22/2022,-22.47,32.89,loamy,true,true,poor
cotton,65.43,7853.51,8/2/2022,4.35,86.94,sandy,true,false,excellent
potato,20.97,9080.85,6/7/2022,-38.07,44.77,loamy,true,true,poor
barley,77.48,9133.15,5/16/2022,-22.46,49.13,sandy,false,true,poor
potato,92.75,4113.98,9/2/2022,24.46,44.93,sandy,false,false,fair
lettuce,47.59,371.16,8/19/2022,19.02,67.42,clayey,true,false,excellent
wheat,41.06,3566.97,3/17/2022,26.72,80.85,sandy,true,true,good
rice,22.63,7249.66,6/16/2022,3.83,65.31,loamy,true,true,poor
potato,11.23,1317.53,6/2/2022,18.1,83.41,loamy,true,false,excellent
rice,23.77,7187.0,12/19/2022,14.43,86.08,sandy,true,true,poor
oats,60.89,7369.49,11/8/2022,45.37,11.91,loamy,false,true,excellent
wheat,75.37,1521.69,12/23/2022,-5.46,88.76,clayey,false,true,poor
lettuce,16.4,616.03,9/13/2022,-9.3,80.19,loamy,false,true,good
oats,66.95,3156.85,2/1/2022,37.34,92.63,loamy,true,false,poor
potato,30.34,5959.85,9/19/2022,47.26,43.83,sandy,true,false,fair
potato,53.0,362.73,8/18/2022,-49.59,23.29,loamy,true,false,poor
barley,67.41,1962.63,10/9/2022,40.15,61.46,loamy,false,true,good
barley,23.81,3174.16,1/12/2022,28.1,20.82,loamy,true,false,fair
wheat,71.54,3254.35,11/1/2022,-8.54,16.48,sandy,false,true,good
cotton,60.03,6769.86,2/24/2022,-27.56,20.76,sandy,false,false,excellent
potato,57.71,9185.43,5/22/2022,22.34,55.68,loamy,true,false,excellent
potato,65.47,4376.2,8/28/2022,-5.48,90.01,sandy,false,true,fair
cotton,69.12,5381.45,5/19/2022,-46.6,26.89,sandy,true,true,good
lettuce,24.79,2630.19,9/5/2022,37.71,93.92,clayey,false,false,excellent
soybean,18.94,5638.56,5/3/2022,38.39,11.62,loamy,true,true,excellent
tomato,5.1,6851.15,9/13/2022,22.99,50.45,sandy,false,false,poor
cotton,65.47,1873.46,12/14/2022,16.77,62.4,loamy,false,true,good
potato,5.05,7686.96,8/14/2022,19.83,89.46,clayey,true,true,poor
potato,39.06,3481.57,6/22/2022,8.0,69.95,clayey,false,false,fair
cotton,92.97,781.26,8/25/2022,39.44,6.03,clayey,false,false,excellent
oats,13.9,5175.46,7/23/2022,6.36,81.21,sandy,false,true,fair
oats,21.84,417.62,11/12/2022,-49.36,61.99,loamy,false,true,poor
lettuce,92.47,6903.4,2/13/2022,17.25,52.96,clayey,true,false,excellent
wheat,29.63,6910.55,12/15/2022,-38.47,94.99,loamy,false,true,excellent
oats,39.37,5483.36,5/12/2022,34.51,12.31,sandy,true,false,good
wheat,61.8,3997.41,9/8/2022,-37.63,87.92,loamy,true,true,poor
potato,7.61,221.73,11/27/2022,25.62,20.47,sandy,true,true,fair
oats,52.54,5025.33,5/2/2022,-42.72,34.35,clayey,true,true,fair
tomato,97.59,1420.26,11/1/2022,8.84,33.88,sandy,true,false,good
tomato,9.63,1062.25,1/5/2022,-38.48,42.23,sandy,false,false,poor
wheat,42.38,7097.4,10/11/2022,-35.56,79.77,sandy,true,false,excellent
barley,49.9,3983.94,6/5/2022,1.6,90.73,sandy,true,false,excellent
potato,48.31,6971.11,6/2/2022,23.5,61.75,clayey,true,false,poor
wheat,44.7,988.62,11/3/2022,-32.61,24.59,clayey,false,true,good
cotton,71.14,3904.02,8/23/2022,32.9,98.5,clayey,true,false,fair
rice,26.25,2036.61,10/11/2022,-39.7,12.57,loamy,false,true,excellent
oats,21.43,3466.76,11/15/2022,-7.26,44.76,clayey,true,false,excellent
corn,75.19,9526.55,6/26/2022,-18.36,86.18,clayey,false,true,fair
lettuce,32.83,178.34,7/19/2022,6.0,84.8,clayey,false,true,fair
oats,64.63,9914.31,10/7/2022,18.08,93.66,loamy,false,true,poor
barley,64.11,1181.28,10/11/2022,-41.42,61.47,clayey,true,false,good
potato,85.33,3757.51,2/4/2022,48.38,46.58,loamy,false,true,good
lettuce,55.3,4069.65,3/16/2022,-27.2,19.89,loamy,false,true,excellent
tomato,66.61,976.5,11/3/2022,-31.67,83.76,loamy,true,true,fair
cotton,15.8,4558.71,5/12/2022,36.06,36.07,loamy,true,true,good
wheat,29.44,3835.62,8/4/2022,21.85,66.46,sandy,false,false,excellent
tomato,35.3,4063.29,7/2/2022,42.32,48.35,clayey,false,true,fair
oats,54.25,8869.0,1/16/2022,-10.07,55.44,sandy,false,false,fair
barley,90.32,890.78,11/22/2022,-14.03,24.62,sandy,true,false,poor
tomato,30.25,9666.81,7/20/2022,-22.54,18.91,clayey,true,false,poor
tomato,17.73,5800.5,8/21/2022,47.65,12.13,sandy,false,true,good
wheat,88.44,9692.64,1/16/2022,2.88,61.42,clayey,false,true,poor
oats,64.35,4058.1,3/16/2022,-25.49,11.93,sandy,true,true,fair
soybean,77.53,3387.36,11/16/2022,21.14,82.6,loamy,false,false,fair
corn,95.42,9879.03,5/30/2022,45.28,48.22,loamy,true,false,excellent
corn,43.07,7097.55,1/11/2022,-25.09,65.77,loamy,true,true,excellent
tomato,49.33,7336.3,8/31/2022,41.74,29.98,sandy,false,false,poor
soybean,84.89,2524.91,11/28/2022,42.67,35.73,loamy,true,false,fair
barley,4.91,1429.52,12/14/2022,17.03,10.97,loamy,true,false,fair
wheat,9.11,6784.88,4/8/2022,-31.85,40.92,clayey,false,true,excellent
wheat,93.46,6743.44,8/5/2022,-11.09,10.43,sandy,true,true,poor
rice,88.73,2382.39,9/15/2022,-36.59,27.59,sandy,false,false,fair
tomato,23.87,3650.79,6/21/2022,40.93,83.52,loamy,false,true,good
soybean,15.33,3218.56,11/23/2022,-14.92,78.54,sandy,true,true,fair
barley,65.6,4057.7,10/27/2022,6.16,4.87,clayey,true,false,good
soybean,88.72,4151.1,9/4/2022,-9.66,28.74,clayey,true,true,poor
corn,47.43,7724.12,10/30/2022,42.59,14.26,sandy,false,false,good
tomato,58.54,1175.79,12/27/2022,-17.0,14.24,loamy,true,true,poor
barley,58.94,4485.71,6/15/2022,-15.29,56.52,sandy,true,false,poor
potato,89.85,8840.43,5/2/2022,10.6,56.46,loamy,false,true,poor
cotton,54.52,2793.69,2/6/2022,32.67,91.22,loamy,true,true,fair
wheat,0.29,6084.16,2/28/2022,-29.85,49.97,loamy,true,true,fair
oats,30.17,4763.26,3/4/2022,-26.01,8.79,loamy,true,true,excellent
lettuce,35.9,7162.49,7/16/2022,-17.7,28.45,loamy,false,false,excellent
oats,8.86,7740.02,12/1/2022,-3.23,74.4,loamy,true,true,fair
corn,32.29,2716.78,4/17/2022,8.23,8.58,loamy,true,true,fair
soybean,34.06,6343.62,2/23/2022,-0.33,5.7,sandy,true,true,good
wheat,13.23,5662.81,11/1/2022,-40.01,79.69,loamy,false,true,good
cotton,23.32,1109.64,2/13/2022,24.27,84.0,loamy,true,true,excellent
barley,28.7,3826.47,7/12/2022,-3.52,6.61,sandy,false,false,poor
soybean,24.2,3978.91,3/4/2022,31.72,24.53,loamy,true,true,poor
wheat,54.99,9649.15,9/23/2022,9.04,96.88,sandy,false,true,excellent
soybean,57.1,25.05,7/12/2022,-18.5,40.32,sandy,false,true,fair
tomato,42.37,7763.5,7/29/2022,-10.57,73.39,sandy,true,false,poor
soybean,7.22,6664.45,12/12/2022,30.32,78.84,clayey,true,true,poor
potato,14.49,5258.03,9/27/2022,-24.74,77.99,clayey,false,false,excellent
corn,22.89,4884.33,12/5/2022,29.34,79.28,clayey,false,true,poor
oats,62.75,8772.03,1/18/2022,31.27,52.14,loamy,false,false,poor
oats,23.5,9948.47,11/1/2022,-31.2,17.06,loamy,true,true,excellent
lettuce,32.45,258.81,12/4/2022,33.74,18.55,loamy,true,false,fair
oats,73.95,7507.84,9/17/2022,49.8,40.42,sandy,false,true,fair
potato,39.34,3380.48,2/23/2022,36.13,70.36,sandy,true,false,fair
lettuce,45.29,3358.69,10/14/2022,-14.62,64.38,sandy,true,false,excellent
wheat,44.79,5620.52,9/18/2022,-36.61,20.18,sandy,true,false,poor
rice,50.88,6274.24,11/17/2022,-43.96,74.2,clayey,false,true,excellent
barley,87.53,9676.63,11/12/2022,43.63,90.37,clayey,false,false,poor
wheat,84.5,141.89,5/23/2022,-7.57,73.18,sandy,false,true,poor
soybean,19.5,5015.22,4/8/2022,11.31,42.29,loamy,true,true,excellent
oats,96.68,539.14,10/11/2022,-45.14,28.52,clayey,true,false,good
barley,54.26,8235.69,4/11/2022,-31.43,78.34,sandy,false,false,excellent
lettuce,72.5,7604.85,9/9/2022,43.25,39.16,loamy,false,true,poor
lettuce,73.44,998.35,8/18/2022,-38.45,41.37,loamy,true,true,fair
cotton,45.41,4185.25,4/30/2022,19.96,35.53,clayey,false,false,good
lettuce,42.8,601.7,6/15/2022,13.06,35.42,sandy,false,false,fair
wheat,81.69,3721.01,4/5/2022,13.22,10.08,sandy,false,false,poor
soybean,85.53,9165.29,3/24/2022,-17.63,50.84,loamy,true,true,good
potato,52.96,4777.05,5/1/2022,39.33,39.3,clayey,false,false,good
wheat,29.42,2360.05,6/19/2022,-39.98,5.28,clayey,false,true,poor
barley,14.06,6525.26,9/18/2022,-29.68,12.8,clayey,false,true,excellent
cotton,70.86,1942.0,10/5/2022,-32.42,62.73,sandy,true,false,fair
wheat,84.11,8333.79,7/27/2022,35.41,31.03,loamy,true,false,fair
wheat,23.81,3554.98,1/17/2022,29.59,22.99,sandy,false,true,good
cotton,4.45,4374.94,9/2/2022,-27.74,65.79,clayey,true,false,poor
tomato,97.33,9767.42,5/13/2022,-12.75,38.21,sandy,false,false,good
cotton,51.76,1176.38,1/23/2022,44.45,64.0,loamy,false,false,fair
corn,63.03,770.34,10/16/2022,-7.32,58.92,sandy,true,false,excellent
oats,50.55,3961.62,11/15/2022,-35.32,18.35,loamy,false,false,poor
rice,48.2,4875.99,4/15/2022,33.77,29.54,sandy,true,true,excellent
soybean,24.83,3040.16,2/24/2022,36.32,95.99,sandy,true,true,good
oats,2.25,4550.53,6/6/2022,-43.14,80.91,loamy,false,false,good
lettuce,70.28,7762.16,6/30/2022,20.79,99.84,clayey,false,true,poor
lettuce,57.99,372.44,1/12/2022,34.74,51.52,clayey,false,true,fair
tomato,24.41,8185.48,12/27/2022,9.09,79.4,clayey,false,false,fair
lettuce,10.71,36.0,11/6/2022,-33.98,30.41,clayey,true,true,poor
cotton,99.8,3659.37,5/31/2022,43.5,83.45,clayey,false,true,fair
tomato,26.9,7923.69,5/12/2022,-21.54,46.81,sandy,false,true,good
tomato,1.48,9076.02,10/9/2022,40.52,4.26,loamy,false,false,good
