crop_type,acreage,harvest_date,yield,fertilizer_type
corn,4190.73,8/26/2022,386.1,phosphorus
rice,2860.07,8/22/2022,127.76,nitrogen
soybeans,1193.78,10/15/2022,253.27,potassium
soybeans,4817.36,8/23/2022,224.3,nitrogen
wheat,8060.77,3/18/2022,36.87,potassium
cotton,935.16,6/2/2022,131.32,potassium
rice,1824.6,11/18/2022,434.62,potassium
cotton,905.39,9/6/2022,277.34,nitrogen
rice,6518.13,6/15/2022,2.56,nitrogen
soybeans,7938.95,4/24/2022,337.7,nitrogen
cotton,825.01,7/10/2022,308.17,nitrogen
corn,3410.19,9/27/2022,285.35,potassium
rice,7460.96,8/26/2022,289.04,potassium
cotton,5409.78,1/30/2022,474.61,potassium
corn,4673.51,9/9/2022,39.5,phosphorus
soybeans,8037.63,11/27/2022,290.8,phosphorus
wheat,8985.37,8/18/2022,9.68,phosphorus
wheat,1970.78,1/13/2022,28.49,nitrogen
rice,8948.67,12/10/2022,106.27,phosphorus
soybeans,2148.82,2/6/2022,398.75,phosphorus
rice,3066.92,2/20/2022,37.97,nitrogen
cotton,2536.34,12/6/2022,343.1,phosphorus
cotton,5596.84,2/16/2022,401.93,potassium
corn,2396.22,4/28/2022,409.58,potassium
cotton,1586.48,4/13/2022,345.9,nitrogen
cotton,8202.38,10/15/2022,456.38,potassium
corn,7602.33,6/16/2022,62.74,potassium
cotton,8128.58,11/17/2022,55.06,phosphorus
cotton,96.89,6/12/2022,177.34,phosphorus
cotton,7812.3,7/14/2022,412.96,nitrogen
wheat,4904.69,6/15/2022,361.52,potassium
wheat,944.35,3/14/2022,105.58,nitrogen
soybeans,2907.58,8/11/2022,216.85,phosphorus
cotton,2907.71,5/15/2022,229.09,phosphorus
soybeans,2550.37,9/13/2022,284.04,phosphorus
soybeans,5110.48,3/28/2022,152.38,potassium
rice,9284.79,9/4/2022,31.17,potassium
cotton,2665.4,6/8/2022,375.06,potassium
wheat,8082.54,3/23/2022,403.37,nitrogen
rice,1737.49,6/16/2022,31.98,potassium
wheat,4179.14,2/24/2022,279.05,phosphorus
rice,536.15,9/25/2022,298.2,potassium
soybeans,6529.7,6/29/2022,361.42,phosphorus
corn,1772.84,5/30/2022,292.34,potassium
wheat,9997.06,12/10/2022,14.01,nitrogen
cotton,6676.58,4/5/2022,60.56,phosphorus
wheat,1868.94,8/16/2022,458.45,potassium
rice,7388.26,2/3/2022,344.6,phosphorus
rice,865.3,9/8/2022,382.1,potassium
wheat,3131.22,8/10/2022,218.74,phosphorus
soybeans,5101.09,1/29/2022,458.3,nitrogen
corn,9012.41,5/31/2022,240.66,nitrogen
corn,5102.72,1/20/2022,321.73,potassium
rice,3582.67,8/10/2022,271.1,potassium
soybeans,5400.92,8/10/2022,181.33,potassium
wheat,2097.39,1/7/2022,55.87,nitrogen
wheat,5924.83,3/20/2022,246.43,phosphorus
rice,2295.68,4/5/2022,170.15,potassium
wheat,3325.62,11/25/2022,473.68,phosphorus
rice,6800.05,8/15/2022,396.5,phosphorus
rice,4350.18,11/11/2022,150.86,nitrogen
corn,2159.14,9/2/2022,107.67,potassium
wheat,4855.86,5/4/2022,86.08,nitrogen
corn,8599.31,2/19/2022,378.06,nitrogen
rice,5225.16,2/17/2022,376.88,nitrogen
wheat,6405.85,1/7/2022,387.98,nitrogen
wheat,9436.27,2/8/2022,390.57,nitrogen
wheat,966.8,3/1/2022,475.71,potassium
wheat,9286.5,11/12/2022,306.95,potassium
soybeans,2666.82,11/30/2022,266.99,phosphorus
rice,6994.36,7/18/2022,97.45,phosphorus
corn,4054.16,10/16/2022,209.54,potassium
rice,382.17,12/3/2022,127.33,phosphorus
soybeans,9520.58,8/1/2022,245.87,nitrogen
corn,4211.62,1/10/2022,206.24,phosphorus
corn,3524.4,4/19/2022,52.93,phosphorus
soybeans,3782.13,4/16/2022,141.19,potassium
cotton,9192.75,12/7/2022,484.29,phosphorus
corn,7542.5,8/31/2022,15.48,phosphorus
wheat,8731.93,8/26/2022,148.68,potassium
soybeans,3.53,9/12/2022,209.57,nitrogen
rice,1666.3,4/12/2022,180.35,potassium
soybeans,1115.76,12/9/2022,323.32,potassium
soybeans,7572.2,3/30/2022,247.49,phosphorus
wheat,5705.07,4/5/2022,38.98,nitrogen
wheat,5576.69,7/12/2022,423.09,nitrogen
soybeans,3413.29,12/19/2022,396.33,nitrogen
wheat,2538.96,11/22/2022,286.2,potassium
soybeans,406.94,7/6/2022,470.35,potassium
corn,2436.6,3/16/2022,71.36,nitrogen
corn,7533.61,10/29/2022,71.25,potassium
soybeans,1984.89,10/14/2022,149.37,nitrogen
soybeans,6758.8,9/23/2022,269.9,potassium
rice,7634.02,10/30/2022,381.53,nitrogen
cotton,9679.76,6/19/2022,223.95,nitrogen
soybeans,6357.96,12/4/2022,172.72,phosphorus
rice,7160.03,4/12/2022,425.97,potassium
cotton,9598.8,5/7/2022,16.03,nitrogen
wheat,9134.75,1/20/2022,158.02,potassium
cotton,3462.78,11/12/2022,479.88,nitrogen
corn,4749.82,2/19/2022,152.68,nitrogen
rice,538.32,9/6/2022,53.86,potassium
soybeans,4590.57,4/1/2022,36.06,potassium
wheat,5580.94,4/17/2022,414.74,phosphorus
corn,1380.41,11/6/2022,79.15,nitrogen
soybeans,7331.42,11/26/2022,239.01,phosphorus
rice,3142.15,2/3/2022,70.64,nitrogen
corn,384.14,3/5/2022,167.72,potassium
corn,6181.46,6/7/2022,490.86,phosphorus
corn,7481.39,2/21/2022,95.55,nitrogen
wheat,2894.85,11/6/2022,407.31,potassium
soybeans,6062.99,8/1/2022,150.52,nitrogen
corn,7777.51,2/24/2022,8.3,phosphorus
corn,1037.88,1/10/2022,212.58,phosphorus
wheat,2914.7,11/30/2022,189.46,phosphorus
rice,7260.83,10/19/2022,381.89,phosphorus
soybeans,5213.12,10/22/2022,472.9,phosphorus
corn,3897.7,9/11/2022,148.04,phosphorus
soybeans,9680.02,6/27/2022,10.15,phosphorus
soybeans,3910.6,9/24/2022,470.44,nitrogen
soybeans,3957.74,4/3/2022,420.71,phosphorus
wheat,7901.26,6/24/2022,243.79,phosphorus
cotton,9434.23,12/25/2022,278.74,nitrogen
wheat,9107.15,10/22/2022,73.92,nitrogen
wheat,7128.02,7/12/2022,282.69,potassium
wheat,980.87,2/12/2022,327.49,potassium
wheat,7746.73,10/23/2022,420.95,potassium
corn,6617.32,8/14/2022,104.5,nitrogen
rice,5915.26,3/15/2022,98.76,nitrogen
soybeans,5488.81,4/1/2022,335.73,potassium
rice,9033.84,3/27/2022,232.77,nitrogen
cotton,3219.23,3/8/2022,304.5,potassium
soybeans,7666.05,4/9/2022,468.74,potassium
soybeans,8945.4,12/14/2022,45.49,nitrogen
wheat,8361.97,11/30/2022,462.46,potassium
soybeans,2245.95,5/21/2022,412.76,phosphorus
corn,6636.89,11/26/2022,437.45,phosphorus
wheat,4662.31,11/26/2022,307.48,potassium
soybeans,7956.75,12/8/2022,198.71,potassium
corn,4766.95,1/2/2022,71.02,phosphorus
wheat,1713.53,10/22/2022,455.9,nitrogen
wheat,8381.24,10/22/2022,428.29,potassium
corn,2127.35,12/20/2022,308.91,potassium
rice,8339.71,2/14/2022,461.73,nitrogen
corn,1732.26,4/19/2022,351.6,nitrogen
soybeans,2622.46,3/27/2022,467.52,nitrogen
soybeans,7338.04,1/29/2022,102.27,phosphorus
rice,9602.25,2/28/2022,299.04,nitrogen
soybeans,3568.91,3/31/2022,485.15,phosphorus
cotton,9904.05,7/16/2022,178.51,phosphorus
rice,2717.9,8/23/2022,176.44,nitrogen
wheat,2802.05,8/7/2022,477.06,nitrogen
cotton,3564.3,3/12/2022,328.08,phosphorus
soybeans,5044.64,1/20/2022,88.69,phosphorus
wheat,7392.15,11/2/2022,411.91,potassium
corn,5559.61,3/15/2022,407.1,potassium
corn,1783.02,11/5/2022,440.95,phosphorus
corn,4107.48,7/27/2022,284.74,phosphorus
soybeans,2478.19,3/21/2022,92.15,potassium
wheat,6314.21,3/31/2022,165.55,potassium
wheat,378.28,4/15/2022,303.03,potassium
cotton,5884.02,9/14/2022,222.97,phosphorus
corn,9582.05,9/9/2022,256.07,potassium
cotton,7390.71,3/24/2022,160.95,nitrogen
rice,3476.76,10/13/2022,37.04,potassium
wheat,9537.09,3/30/2022,176.88,nitrogen
soybeans,1355.68,3/15/2022,157.43,phosphorus
soybeans,1181.83,12/20/2022,266.76,phosphorus
wheat,1097.68,4/13/2022,190.82,phosphorus
wheat,9300.45,11/28/2022,451.58,nitrogen
rice,8621.99,1/3/2022,299.78,nitrogen
cotton,4290.54,7/18/2022,400.39,nitrogen
soybeans,6219.18,8/14/2022,441.75,potassium
corn,4204.14,4/15/2022,324.37,nitrogen
wheat,6250.66,8/23/2022,222.49,potassium
cotton,9562.24,6/11/2022,78.75,phosphorus
corn,2562.63,10/5/2022,123.37,phosphorus
soybeans,4579.42,1/2/2022,433.02,potassium
corn,3469.02,2/17/2022,406.74,potassium
wheat,4664.55,4/25/2022,162.08,nitrogen
soybeans,3212.68,11/26/2022,323.93,potassium
rice,7703.2,1/16/2022,43.59,nitrogen
corn,5868.83,1/19/2022,128.64,phosphorus
cotton,3515.41,12/16/2022,367.53,nitrogen
rice,4873.05,4/30/2022,204.25,nitrogen
cotton,608.36,8/12/2022,247.72,potassium
soybeans,3279.77,3/2/2022,300.56,nitrogen
wheat,1172.0,11/1/2022,281.9,potassium
wheat,3296.25,11/9/2022,350.15,phosphorus
cotton,4322.49,5/15/2022,30.21,nitrogen
wheat,6248.65,2/15/2022,29.94,potassium
corn,4704.51,12/29/2022,161.63,phosphorus
soybeans,3358.43,6/26/2022,5.15,nitrogen
corn,3107.83,1/15/2022,442.56,nitrogen
rice,706.61,8/31/2022,79.56,potassium
corn,563.58,5/20/2022,485.07,nitrogen
soybeans,9117.47,8/6/2022,430.19,potassium
cotton,9573.09,2/16/2022,196.82,potassium
wheat,6587.5,11/16/2022,492.53,nitrogen
corn,3248.64,12/12/2022,28.49,phosphorus
cotton,301.06,2/7/2022,19.67,nitrogen
corn,9595.09,7/19/2022,259.22,potassium
cotton,8977.43,7/5/2022,387.02,nitrogen
cotton,8921.6,1/20/2022,187.84,potassium
soybeans,1308.52,3/26/2022,73.67,potassium
cotton,1839.76,1/1/2022,282.42,potassium
cotton,4379.41,6/16/2022,291.53,potassium
cotton,8592.06,6/30/2022,122.82,potassium
corn,4562.0,11/7/2022,312.69,phosphorus
rice,6236.76,4/29/2022,181.62,nitrogen
rice,9960.48,3/12/2022,184.47,potassium
rice,7517.17,4/11/2022,26.42,nitrogen
corn,1800.96,5/22/2022,175.92,phosphorus
rice,1234.67,4/15/2022,330.22,nitrogen
cotton,5470.71,3/24/2022,36.24,nitrogen
corn,8095.64,1/13/2022,162.83,potassium
rice,7866.6,2/17/2022,492.35,nitrogen
rice,564.66,6/25/2022,191.92,phosphorus
corn,9708.55,10/8/2022,86.73,phosphorus
corn,6944.04,11/14/2022,24.34,phosphorus
corn,4720.81,3/21/2022,3.28,phosphorus
wheat,4783.57,4/26/2022,477.51,phosphorus
soybeans,5715.39,4/30/2022,132.71,nitrogen
corn,159.79,7/24/2022,326.05,phosphorus
rice,8841.54,6/24/2022,391.46,potassium
soybeans,890.01,6/9/2022,425.93,potassium
cotton,6022.78,7/27/2022,106.95,potassium
wheat,5887.22,12/2/2022,90.28,phosphorus
soybeans,9407.78,12/17/2022,233.88,potassium
wheat,2000.73,3/14/2022,366.68,potassium
cotton,363.77,10/25/2022,211.96,phosphorus
cotton,8968.19,9/14/2022,298.98,phosphorus
wheat,6557.88,11/6/2022,283.86,phosphorus
rice,5449.81,11/10/2022,368.79,potassium
soybeans,5328.68,4/1/2022,88.44,phosphorus
rice,7331.36,9/8/2022,327.4,nitrogen
wheat,9445.1,6/2/2022,131.61,phosphorus
soybeans,5362.9,9/10/2022,321.84,nitrogen
corn,7128.92,12/25/2022,297.15,potassium
rice,8657.74,6/13/2022,253.94,nitrogen
wheat,4203.03,11/12/2022,220.84,potassium
corn,7460.22,9/13/2022,276.7,potassium
corn,1157.66,6/1/2022,193.81,nitrogen
cotton,6869.37,5/26/2022,23.95,phosphorus
rice,663.65,11/26/2022,149.08,nitrogen
corn,1068.61,5/9/2022,61.34,potassium
cotton,1660.96,10/13/2022,73.8,nitrogen
corn,1948.88,1/3/2022,16.16,nitrogen
wheat,1614.37,1/8/2022,220.11,phosphorus
rice,8262.64,6/27/2022,414.06,phosphorus
rice,4346.81,3/31/2022,178.08,nitrogen
wheat,1781.44,12/14/2022,482.78,nitrogen
cotton,8102.2,9/9/2022,356.95,potassium
soybeans,97.4,8/14/2022,386.45,potassium
cotton,7139.88,9/19/2022,132.87,phosphorus
wheat,9358.22,2/2/2022,1.95,nitrogen
corn,9153.21,7/20/2022,322.68,nitrogen
corn,9478.22,8/4/2022,297.67,potassium
rice,1713.5,9/20/2022,419.0,potassium
rice,709.4,1/12/2022,463.37,potassium
rice,3366.5,2/3/2022,479.69,nitrogen
cotton,9595.16,6/19/2022,179.51,potassium
corn,2023.93,6/16/2022,324.95,phosphorus
rice,2357.63,5/12/2022,136.31,phosphorus
corn,1965.31,3/5/2022,482.53,potassium
corn,5581.4,11/22/2022,415.23,potassium
corn,9186.86,7/23/2022,425.1,nitrogen
soybeans,9194.35,9/1/2022,287.55,phosphorus
soybeans,2729.27,4/2/2022,384.0,phosphorus
soybeans,7125.58,2/22/2022,11.55,nitrogen
corn,8436.14,1/3/2022,219.0,nitrogen
rice,3773.44,1/16/2022,86.59,phosphorus
soybeans,8839.95,5/18/2022,66.7,nitrogen
corn,6562.49,7/3/2022,353.33,phosphorus
cotton,3240.66,8/21/2022,390.07,nitrogen
rice,6741.2,10/27/2022,151.25,potassium
soybeans,380.85,12/29/2022,324.39,phosphorus
soybeans,1237.92,1/13/2022,224.74,potassium
soybeans,634.69,5/10/2022,216.26,nitrogen
rice,9117.42,5/31/2022,310.79,potassium
corn,6869.27,8/3/2022,149.62,potassium
rice,7255.58,7/7/2022,219.12,nitrogen
soybeans,5812.18,10/28/2022,218.61,phosphorus
cotton,5088.76,12/12/2022,492.78,potassium
cotton,1420.97,1/26/2022,234.16,nitrogen
wheat,7749.37,5/5/2022,406.58,potassium
soybeans,9050.24,8/10/2022,143.39,phosphorus
wheat,8141.56,5/18/2022,60.31,potassium
rice,3354.22,12/17/2022,226.49,phosphorus
cotton,7780.85,5/9/2022,456.8,potassium
soybeans,3914.93,9/9/2022,90.55,phosphorus
rice,713.18,7/22/2022,352.95,potassium
cotton,3166.91,5/17/2022,74.92,potassium
rice,1570.33,8/19/2022,314.53,nitrogen
rice,9622.92,6/10/2022,252.52,nitrogen
cotton,1155.75,12/26/2022,479.32,nitrogen
soybeans,8171.56,4/1/2022,208.23,nitrogen
rice,6023.94,9/27/2022,25.78,nitrogen
rice,2372.79,10/19/2022,137.89,potassium
corn,883.78,10/23/2022,402.78,nitrogen
cotton,1083.03,11/5/2022,415.25,nitrogen
rice,881.56,1/26/2022,63.77,nitrogen
cotton,3249.23,7/15/2022,289.01,nitrogen
corn,3614.45,12/16/2022,122.72,nitrogen
soybeans,8345.18,11/13/2022,434.11,potassium
cotton,2846.2,7/5/2022,134.8,phosphorus
rice,7705.08,9/4/2022,41.1,phosphorus
rice,3292.48,6/2/2022,98.46,potassium
cotton,8191.92,1/24/2022,52.64,nitrogen
cotton,5407.12,9/2/2022,384.64,nitrogen
rice,3995.6,5/9/2022,149.39,nitrogen
soybeans,2985.27,11/9/2022,452.3,potassium
rice,8754.82,6/27/2022,88.91,nitrogen
cotton,2815.75,4/11/2022,417.17,phosphorus
cotton,1228.76,8/2/2022,157.35,nitrogen
soybeans,3415.25,1/6/2022,282.4,phosphorus
soybeans,2304.49,9/30/2022,48.47,phosphorus
wheat,8370.43,4/19/2022,399.27,potassium
wheat,1016.49,4/13/2022,429.34,phosphorus
cotton,9464.11,8/13/2022,106.94,phosphorus
corn,1998.69,5/27/2022,87.31,potassium
cotton,416.32,6/5/2022,65.76,potassium
corn,248.58,3/15/2022,278.34,potassium
wheat,3864.52,10/7/2022,324.91,phosphorus
rice,6366.27,1/1/2022,244.58,nitrogen
rice,4333.86,6/8/2022,268.89,nitrogen
corn,6866.82,11/29/2022,335.71,phosphorus
corn,9844.34,11/13/2022,309.58,phosphorus
corn,9143.49,4/23/2022,171.51,nitrogen
corn,1357.32,11/21/2022,65.17,potassium
wheat,1719.32,11/13/2022,5.71,phosphorus
rice,1699.13,3/10/2022,1.87,nitrogen
wheat,9225.02,2/20/2022,203.79,potassium
soybeans,6497.69,1/2/2022,174.19,potassium
wheat,8452.45,5/6/2022,220.19,potassium
rice,6326.17,7/12/2022,456.57,phosphorus
rice,9961.24,5/3/2022,396.61,potassium
cotton,1646.71,1/17/2022,217.3,phosphorus
soybeans,6408.31,12/19/2022,139.4,phosphorus
cotton,5710.4,9/27/2022,349.99,potassium
soybeans,3945.18,8/2/2022,126.17,phosphorus
corn,838.11,4/7/2022,418.74,phosphorus
wheat,6883.77,12/28/2022,65.09,potassium
rice,1933.08,8/30/2022,442.5,nitrogen
rice,7472.61,6/22/2022,396.99,phosphorus
soybeans,6424.49,2/14/2022,277.55,potassium
cotton,609.61,10/10/2022,217.93,phosphorus
cotton,2266.56,6/22/2022,39.52,phosphorus
cotton,753.49,3/27/2022,211.24,phosphorus
corn,5307.3,10/13/2022,473.16,potassium
corn,7821.82,7/6/2022,198.97,phosphorus
cotton,5657.2,3/5/2022,305.72,potassium
cotton,1081.47,9/28/2022,449.59,phosphorus
corn,8368.31,1/15/2022,368.87,phosphorus
cotton,2249.87,7/19/2022,199.9,phosphorus
cotton,4340.44,1/27/2022,478.04,potassium
cotton,6168.37,3/9/2022,286.48,phosphorus
rice,6132.99,8/15/2022,468.82,phosphorus
corn,4665.24,12/13/2022,238.31,phosphorus
rice,6950.91,3/4/2022,468.93,nitrogen
corn,5317.27,9/24/2022,100.74,phosphorus
cotton,6624.33,12/9/2022,211.92,nitrogen
wheat,9163.96,8/13/2022,320.79,potassium
wheat,5205.63,12/29/2022,380.47,nitrogen
wheat,8108.92,4/2/2022,401.53,phosphorus
corn,4279.84,7/5/2022,355.92,nitrogen
wheat,2470.25,1/15/2022,162.43,phosphorus
rice,4939.6,6/25/2022,399.02,potassium
cotton,4913.68,7/19/2022,21.48,phosphorus
cotton,9822.64,10/21/2022,301.6,potassium
soybeans,6734.87,7/5/2022,408.56,nitrogen
corn,1764.67,4/5/2022,344.25,potassium
rice,4084.15,12/10/2022,136.43,nitrogen
wheat,2914.8,9/19/2022,317.92,potassium
wheat,6316.16,3/9/2022,272.45,phosphorus
rice,5612.76,2/27/2022,460.32,nitrogen
wheat,5992.23,7/8/2022,303.31,potassium
corn,7968.47,3/26/2022,306.98,phosphorus
soybeans,3433.51,10/19/2022,429.78,phosphorus
wheat,3271.62,12/5/2022,216.4,potassium
corn,7175.46,7/19/2022,254.68,nitrogen
soybeans,3036.2,1/9/2022,433.8,phosphorus
soybeans,9518.98,1/30/2022,291.37,phosphorus
wheat,409.43,6/15/2022,382.8,nitrogen
corn,1305.32,2/27/2022,396.84,nitrogen
corn,2181.81,9/9/2022,152.55,potassium
corn,8850.17,12/8/2022,463.97,nitrogen
soybeans,7346.59,4/12/2022,173.72,nitrogen
corn,6672.78,7/31/2022,172.32,potassium
corn,8416.81,12/27/2022,397.18,potassium
rice,5477.45,5/7/2022,452.44,phosphorus
corn,2745.51,8/5/2022,246.38,potassium
cotton,3275.71,8/12/2022,10.68,nitrogen
soybeans,5313.49,5/4/2022,375.33,nitrogen
wheat,817.03,3/13/2022,225.89,phosphorus
cotton,4006.35,2/27/2022,165.38,nitrogen
rice,5461.16,11/27/2022,226.74,phosphorus
corn,9530.19,2/25/2022,164.28,phosphorus
rice,4396.76,2/10/2022,72.01,phosphorus
soybeans,4048.2,6/4/2022,182.08,phosphorus
wheat,9507.22,3/7/2022,435.64,potassium
wheat,7809.24,1/14/2022,117.16,nitrogen
corn,1450.4,3/19/2022,119.99,phosphorus
wheat,2145.85,11/1/2022,100.07,potassium
soybeans,8090.4,6/20/2022,224.34,nitrogen
cotton,1662.34,7/8/2022,207.19,nitrogen
wheat,7503.79,9/3/2022,121.21,potassium
wheat,5395.78,11/23/2022,54.63,phosphorus
soybeans,7665.78,1/13/2022,93.1,potassium
rice,9965.72,12/1/2022,160.41,nitrogen
corn,8389.44,5/6/2022,94.48,phosphorus
corn,5242.77,7/8/2022,394.87,potassium
soybeans,4494.12,11/10/2022,494.86,phosphorus
rice,5142.19,6/14/2022,148.89,nitrogen
corn,6260.13,3/3/2022,273.63,phosphorus
corn,5965.91,4/11/2022,389.84,nitrogen
wheat,8209.39,6/23/2022,131.51,potassium
wheat,2957.48,5/8/2022,90.9,potassium
wheat,3022.99,2/14/2022,112.33,phosphorus
corn,8615.06,1/15/2022,414.94,potassium
cotton,8969.79,7/2/2022,220.96,nitrogen
wheat,7870.93,11/7/2022,416.36,potassium
soybeans,1130.13,6/9/2022,375.77,potassium
soybeans,7700.6,11/18/2022,313.75,nitrogen
soybeans,373.91,9/22/2022,345.18,potassium
cotton,4112.76,6/24/2022,492.5,nitrogen
rice,2721.87,11/8/2022,208.63,phosphorus
rice,6425.34,9/30/2022,309.07,nitrogen
soybeans,9175.84,10/7/2022,409.68,phosphorus
cotton,9071.83,6/14/2022,264.17,phosphorus
corn,5476.84,4/3/2022,291.1,phosphorus
soybeans,7632.9,1/8/2022,27.03,nitrogen
rice,1519.31,5/30/2022,231.08,potassium
wheat,8882.11,4/30/2022,425.83,nitrogen
corn,1653.56,11/19/2022,437.41,nitrogen
rice,88.15,3/6/2022,396.31,phosphorus
cotton,8012.4,4/11/2022,296.27,nitrogen
corn,5587.78,1/22/2022,14.18,nitrogen
wheat,5795.22,9/20/2022,104.15,nitrogen
cotton,1183.85,5/7/2022,380.84,nitrogen
soybeans,9179.96,10/30/2022,262.75,phosphorus
corn,8686.93,11/5/2022,242.8,nitrogen
rice,3554.76,9/29/2022,130.79,nitrogen
wheat,3223.95,10/12/2022,41.34,potassium
cotton,7161.28,1/4/2022,223.85,potassium
cotton,9885.18,1/6/2022,278.87,phosphorus
wheat,8764.1,6/28/2022,420.14,phosphorus
rice,7437.87,10/26/2022,317.06,potassium
cotton,923.79,4/15/2022,305.12,potassium
wheat,9320.41,11/27/2022,58.34,nitrogen
cotton,1312.05,12/6/2022,175.78,nitrogen
rice,6145.49,4/5/2022,357.56,potassium
wheat,2652.24,4/13/2022,134.98,phosphorus
wheat,4683.57,2/3/2022,308.9,nitrogen
soybeans,7961.76,1/19/2022,128.15,phosphorus
corn,263.23,4/27/2022,156.72,nitrogen
rice,5775.72,5/17/2022,422.93,phosphorus
cotton,8545.38,7/31/2022,168.41,potassium
rice,2750.42,10/21/2022,448.84,nitrogen
corn,5940.59,8/28/2022,72.05,potassium
corn,938.72,4/23/2022,479.89,potassium
cotton,4387.86,8/25/2022,130.71,nitrogen
rice,6519.01,5/18/2022,121.13,potassium
wheat,6190.3,7/26/2022,144.48,nitrogen
corn,3124.13,6/12/2022,74.14,potassium
cotton,5570.81,12/5/2022,4.24,phosphorus
rice,6488.67,2/8/2022,313.66,nitrogen
wheat,374.19,4/3/2022,90.6,potassium
soybeans,1407.51,12/20/2022,273.22,nitrogen
cotton,1039.2,5/27/2022,275.96,nitrogen
soybeans,8577.8,5/31/2022,75.07,phosphorus
corn,2481.14,6/20/2022,212.86,phosphorus
rice,5736.07,11/12/2022,322.36,phosphorus
rice,792.08,12/9/2022,45.53,potassium
corn,7027.57,5/27/2022,287.73,phosphorus
corn,4909.82,11/10/2022,342.87,phosphorus
soybeans,9273.55,6/9/2022,493.22,nitrogen
rice,1709.64,11/20/2022,499.55,potassium
rice,1078.64,11/25/2022,343.74,nitrogen
rice,2832.13,4/19/2022,209.52,nitrogen
rice,661.69,2/15/2022,397.27,phosphorus
cotton,2245.49,6/12/2022,261.61,nitrogen
rice,2699.48,12/5/2022,243.36,potassium
corn,6195.57,2/20/2022,271.97,phosphorus
soybeans,8325.15,5/25/2022,383.6,phosphorus
rice,646.17,9/14/2022,184.43,nitrogen
cotton,9211.94,9/22/2022,172.36,potassium
soybeans,2132.13,5/6/2022,58.62,potassium
soybeans,6047.4,4/29/2022,442.87,phosphorus
soybeans,3219.04,12/26/2022,347.34,nitrogen
wheat,9118.14,1/23/2022,140.3,nitrogen
corn,6017.05,3/29/2022,146.73,potassium
corn,1739.48,9/1/2022,22.19,phosphorus
soybeans,407.22,8/20/2022,126.8,phosphorus
wheat,3456.67,2/28/2022,339.83,nitrogen
wheat,2826.85,11/12/2022,131.16,phosphorus
wheat,1003.82,3/22/2022,244.89,phosphorus
soybeans,7106.53,2/18/2022,401.64,potassium
cotton,8841.3,10/14/2022,327.11,phosphorus
wheat,7416.42,12/30/2022,442.22,potassium
cotton,5915.79,12/13/2022,392.91,phosphorus
soybeans,2090.38,11/15/2022,284.61,phosphorus
corn,2485.63,8/19/2022,116.82,nitrogen
wheat,3794.82,4/29/2022,253.02,nitrogen
soybeans,5885.82,2/8/2022,62.9,phosphorus
cotton,399.07,4/8/2022,443.57,potassium
corn,9254.96,2/6/2022,389.4,phosphorus
rice,2410.03,2/25/2022,99.61,phosphorus
cotton,6465.2,12/2/2022,212.24,phosphorus
wheat,8169.14,11/17/2022,386.42,nitrogen
corn,8430.7,10/29/2022,446.67,phosphorus
rice,3179.46,4/1/2022,26.18,potassium
cotton,3977.28,2/3/2022,87.18,potassium
soybeans,9531.84,7/31/2022,362.84,nitrogen
soybeans,284.61,12/4/2022,253.6,nitrogen
wheat,6830.63,8/18/2022,181.13,potassium
wheat,9006.14,11/18/2022,116.52,nitrogen
soybeans,4308.23,1/29/2022,197.76,nitrogen
wheat,6111.27,8/13/2022,284.73,potassium
corn,5986.92,3/25/2022,203.87,nitrogen
rice,4232.19,10/15/2022,295.15,phosphorus
soybeans,5008.11,7/6/2022,410.91,nitrogen
corn,8414.47,4/6/2022,444.47,phosphorus
corn,7967.94,7/14/2022,464.12,phosphorus
rice,3919.69,8/10/2022,361.81,nitrogen
cotton,5550.38,3/28/2022,54.57,phosphorus
wheat,9659.97,12/30/2022,335.31,phosphorus
wheat,8159.97,8/12/2022,31.44,potassium
soybeans,3685.63,6/18/2022,323.85,potassium
soybeans,3843.29,9/4/2022,390.79,potassium
soybeans,3030.18,9/10/2022,363.86,phosphorus
cotton,6421.02,6/30/2022,284.45,nitrogen
wheat,3883.74,4/29/2022,66.33,phosphorus
soybeans,6606.79,10/31/2022,130.02,nitrogen
cotton,3064.78,6/3/2022,436.03,potassium
cotton,1499.98,9/8/2022,95.14,potassium
rice,458.75,1/25/2022,232.32,potassium
cotton,3619.89,10/17/2022,55.31,phosphorus
soybeans,5255.1,9/14/2022,70.81,potassium
wheat,8369.88,7/10/2022,436.91,nitrogen
soybeans,5746.84,9/22/2022,355.99,potassium
rice,2015.96,10/25/2022,171.5,nitrogen
soybeans,2068.09,12/6/2022,435.5,phosphorus
wheat,484.76,8/16/2022,146.09,phosphorus
rice,7417.48,12/8/2022,334.7,potassium
soybeans,9208.77,9/16/2022,311.31,potassium
rice,6513.74,6/29/2022,105.38,phosphorus
rice,963.54,3/31/2022,203.08,nitrogen
wheat,8609.21,7/19/2022,246.31,nitrogen
soybeans,5512.85,8/20/2022,329.11,phosphorus
corn,2294.1,1/15/2022,153.8,phosphorus
soybeans,5620.78,11/15/2022,411.26,phosphorus
corn,3101.44,5/24/2022,240.51,potassium
corn,9579.12,3/9/2022,363.66,nitrogen
cotton,6658.79,3/8/2022,202.45,nitrogen
corn,8682.54,11/22/2022,52.47,nitrogen
corn,8262.53,2/8/2022,274.02,nitrogen
soybeans,8701.99,7/24/2022,231.3,potassium
soybeans,4128.43,5/9/2022,282.64,nitrogen
cotton,989.65,8/4/2022,376.8,phosphorus
cotton,2309.44,7/23/2022,325.74,potassium
soybeans,634.6,1/18/2022,75.72,potassium
soybeans,3100.27,4/19/2022,181.93,potassium
soybeans,2177.16,1/11/2022,373.05,nitrogen
cotton,5645.73,9/22/2022,408.35,potassium
soybeans,4040.97,5/13/2022,318.0,potassium
soybeans,4406.32,8/20/2022,304.0,nitrogen
soybeans,361.93,3/22/2022,47.99,nitrogen
soybeans,4323.44,9/6/2022,414.78,phosphorus
corn,193.02,5/23/2022,23.51,potassium
rice,3145.81,4/7/2022,166.98,nitrogen
cotton,7521.19,4/22/2022,321.65,nitrogen
soybeans,3164.2,7/8/2022,141.45,nitrogen
rice,534.07,10/14/2022,38.58,nitrogen
cotton,6210.3,8/27/2022,313.67,potassium
rice,211.16,3/3/2022,0.32,nitrogen
wheat,4339.71,1/13/2022,119.12,potassium
rice,2493.66,4/24/2022,143.97,phosphorus
corn,3035.72,7/30/2022,284.43,potassium
soybeans,8992.94,9/2/2022,252.51,potassium
corn,299.45,1/7/2022,346.6,phosphorus
wheat,5587.87,6/21/2022,421.31,nitrogen
soybeans,1541.89,12/3/2022,77.22,potassium
cotton,7116.72,5/25/2022,332.51,nitrogen
rice,6498.52,10/13/2022,280.49,phosphorus
rice,2191.52,3/22/2022,38.75,phosphorus
corn,4158.65,9/30/2022,373.44,potassium
soybeans,7833.97,4/16/2022,350.04,potassium
rice,1565.24,7/21/2022,392.69,nitrogen
wheat,155.21,5/25/2022,211.24,potassium
soybeans,6058.23,5/21/2022,313.54,nitrogen
wheat,9465.8,9/16/2022,100.56,potassium
rice,2184.92,11/8/2022,299.12,phosphorus
soybeans,6592.56,2/17/2022,75.15,potassium
cotton,2046.57,3/7/2022,303.7,nitrogen
wheat,4248.17,12/21/2022,67.62,potassium
corn,6653.36,4/19/2022,136.81,nitrogen
corn,8607.85,1/9/2022,291.13,potassium
cotton,6334.48,2/12/2022,22.81,phosphorus
rice,5364.64,6/24/2022,230.81,potassium
wheat,346.9,1/25/2022,82.24,nitrogen
wheat,8717.54,9/4/2022,474.47,phosphorus
rice,2558.06,11/18/2022,45.58,potassium
soybeans,7506.97,10/3/2022,263.99,potassium
corn,557.27,12/13/2022,242.08,nitrogen
soybeans,6294.32,7/7/2022,326.45,phosphorus
wheat,3320.67,8/15/2022,328.8,nitrogen
corn,666.54,4/20/2022,169.65,nitrogen
rice,9091.17,3/17/2022,179.17,potassium
soybeans,7375.54,12/16/2022,225.68,phosphorus
corn,5572.21,7/24/2022,139.06,nitrogen
soybeans,3528.22,10/27/2022,390.39,phosphorus
rice,3863.88,12/30/2022,164.55,nitrogen
rice,6881.8,12/15/2022,179.89,nitrogen
cotton,9269.97,3/31/2022,128.12,nitrogen
wheat,6894.3,2/7/2022,32.52,phosphorus
cotton,5250.98,9/2/2022,222.61,nitrogen
corn,6400.89,11/15/2022,302.81,nitrogen
corn,1855.46,8/7/2022,190.83,potassium
cotton,8877.29,10/24/2022,485.84,phosphorus
rice,825.69,1/15/2022,61.68,phosphorus
wheat,3767.91,7/19/2022,393.99,phosphorus
cotton,4303.77,1/23/2022,388.97,phosphorus
rice,7172.85,7/10/2022,195.82,potassium
corn,1912.42,1/6/2022,265.72,potassium
rice,5025.68,10/4/2022,493.18,nitrogen
soybeans,4281.63,6/10/2022,483.82,nitrogen
corn,3289.16,6/26/2022,412.11,nitrogen
corn,2244.72,5/10/2022,397.32,nitrogen
corn,565.54,9/12/2022,411.46,potassium
rice,4616.15,11/18/2022,114.27,potassium
soybeans,8034.23,11/14/2022,272.41,nitrogen
wheat,1469.53,1/2/2022,496.19,potassium
wheat,5165.85,8/4/2022,32.27,potassium
soybeans,8236.27,7/8/2022,238.69,phosphorus
corn,5236.84,5/24/2022,97.73,potassium
rice,4307.9,5/30/2022,425.87,phosphorus
corn,4538.8,1/26/2022,410.18,phosphorus
rice,3584.65,10/27/2022,184.54,potassium
wheat,4412.9,12/13/2022,213.19,potassium
corn,55.71,8/5/2022,73.35,phosphorus
wheat,3909.43,12/8/2022,373.87,potassium
corn,2227.38,9/4/2022,227.96,potassium
rice,2838.67,1/9/2022,480.82,potassium
cotton,6638.56,11/11/2022,246.49,phosphorus
rice,5162.54,10/17/2022,404.88,nitrogen
corn,2311.83,6/6/2022,400.48,phosphorus
corn,245.88,4/23/2022,201.32,potassium
rice,7792.44,11/30/2022,206.84,phosphorus
wheat,522.67,1/7/2022,244.44,phosphorus
soybeans,1127.72,3/25/2022,108.5,phosphorus
rice,1211.71,11/25/2022,201.95,potassium
wheat,6213.19,8/3/2022,488.71,nitrogen
rice,3356.37,8/3/2022,413.21,phosphorus
corn,8544.89,9/12/2022,72.39,phosphorus
cotton,5470.71,6/5/2022,24.75,potassium
soybeans,9792.26,8/28/2022,346.23,nitrogen
soybeans,9509.21,5/2/2022,242.07,phosphorus
rice,8075.63,11/15/2022,191.51,nitrogen
rice,1008.09,7/28/2022,23.21,nitrogen
rice,8016.0,12/29/2022,79.02,potassium
wheat,1891.15,4/2/2022,380.82,potassium
wheat,3477.74,9/27/2022,1.62,phosphorus
soybeans,8664.13,6/25/2022,432.54,nitrogen
wheat,9110.46,8/21/2022,324.96,nitrogen
soybeans,8041.05,10/23/2022,352.13,phosphorus
wheat,5314.55,12/10/2022,18.65,phosphorus
cotton,3107.13,2/3/2022,359.56,phosphorus
rice,1204.1,2/5/2022,229.16,phosphorus
wheat,9497.84,8/31/2022,329.96,nitrogen
soybeans,8206.88,10/2/2022,19.63,potassium
cotton,8593.54,7/18/2022,226.67,phosphorus
wheat,2745.82,6/30/2022,483.71,nitrogen
cotton,2368.0,8/30/2022,248.35,phosphorus
rice,3557.03,11/13/2022,378.49,nitrogen
wheat,2236.43,6/10/2022,371.28,potassium
wheat,6612.55,7/24/2022,169.8,potassium
soybeans,959.25,5/19/2022,66.09,nitrogen
corn,1930.08,5/29/2022,220.57,phosphorus
wheat,6345.77,1/29/2022,95.18,nitrogen
wheat,2601.18,2/19/2022,445.47,phosphorus
cotton,6594.67,5/13/2022,166.9,phosphorus
soybeans,6563.55,7/16/2022,20.95,phosphorus
rice,5291.02,4/21/2022,183.1,phosphorus
soybeans,1627.51,10/6/2022,489.64,nitrogen
soybeans,288.5,5/30/2022,345.53,phosphorus
cotton,4379.49,3/31/2022,76.65,potassium
corn,2042.68,4/9/2022,325.39,potassium
soybeans,3721.58,2/4/2022,70.27,potassium
rice,2079.19,4/3/2022,152.61,phosphorus
soybeans,9156.14,4/6/2022,85.84,potassium
rice,3927.78,6/16/2022,369.06,potassium
soybeans,5688.44,3/4/2022,236.54,potassium
wheat,517.52,2/11/2022,443.7,phosphorus
wheat,571.87,7/17/2022,309.6,phosphorus
wheat,9773.2,3/6/2022,415.45,nitrogen
soybeans,7292.84,8/16/2022,66.13,potassium
wheat,6655.99,3/4/2022,417.32,phosphorus
corn,9008.03,1/25/2022,118.81,phosphorus
soybeans,8401.3,4/21/2022,193.43,nitrogen
wheat,7495.92,12/23/2022,137.8,nitrogen
corn,7967.41,8/14/2022,451.32,phosphorus
corn,7576.06,5/19/2022,477.46,nitrogen
cotton,602.97,7/13/2022,177.8,phosphorus
corn,3042.25,4/21/2022,252.03,potassium
rice,6129.49,1/6/2022,328.69,potassium
wheat,8254.43,12/21/2022,170.05,nitrogen
corn,9435.22,1/17/2022,233.38,potassium
cotton,5451.15,2/17/2022,382.07,nitrogen
rice,954.52,11/21/2022,53.16,nitrogen
wheat,1275.82,9/16/2022,138.1,phosphorus
cotton,660.34,5/29/2022,433.77,nitrogen
cotton,6425.84,11/5/2022,260.21,nitrogen
corn,4796.75,4/20/2022,263.45,phosphorus
cotton,181.27,11/21/2022,119.67,phosphorus
wheat,4623.65,9/13/2022,475.51,potassium
cotton,4185.11,9/30/2022,371.99,phosphorus
soybeans,5761.93,8/27/2022,286.63,phosphorus
rice,9788.61,7/30/2022,177.86,phosphorus
corn,8854.37,10/29/2022,50.94,potassium
rice,5845.98,8/18/2022,94.71,phosphorus
wheat,7569.29,5/15/2022,144.37,phosphorus
corn,5739.26,1/20/2022,307.97,phosphorus
corn,7878.39,12/16/2022,108.4,nitrogen
wheat,1778.99,6/24/2022,162.34,nitrogen
rice,375.77,7/18/2022,467.49,nitrogen
rice,9234.24,6/3/2022,83.35,potassium
corn,1951.0,8/24/2022,339.55,phosphorus
cotton,1371.93,1/3/2022,315.84,phosphorus
corn,8074.16,4/27/2022,190.31,nitrogen
soybeans,941.91,6/4/2022,399.85,nitrogen
wheat,9500.72,7/2/2022,268.04,potassium
rice,453.04,11/8/2022,457.12,potassium
cotton,330.18,6/12/2022,463.77,nitrogen
corn,8533.96,4/30/2022,322.38,phosphorus
corn,2418.48,8/12/2022,380.19,phosphorus
soybeans,1064.04,10/9/2022,254.13,potassium
wheat,8188.94,2/14/2022,153.7,nitrogen
rice,6982.53,4/7/2022,279.15,phosphorus
rice,6698.85,11/13/2022,220.37,potassium
corn,5374.95,9/12/2022,247.61,potassium
cotton,5320.77,2/10/2022,271.16,phosphorus
rice,953.1,5/30/2022,166.1,phosphorus
soybeans,4337.09,10/8/2022,320.98,potassium
cotton,2652.15,12/4/2022,211.39,nitrogen
corn,1618.28,10/20/2022,185.4,potassium
cotton,4412.04,4/13/2022,304.69,phosphorus
soybeans,9687.96,8/20/2022,269.38,nitrogen
wheat,9457.62,8/15/2022,148.86,potassium
cotton,2806.57,1/4/2022,264.96,phosphorus
cotton,4195.25,7/13/2022,199.36,potassium
soybeans,2754.02,6/22/2022,9.62,potassium
rice,7380.22,10/28/2022,100.49,phosphorus
rice,3769.04,10/26/2022,35.16,potassium
cotton,4967.71,2/23/2022,229.62,potassium
cotton,6917.25,8/20/2022,155.33,nitrogen
rice,9947.73,12/25/2022,236.21,nitrogen
cotton,4442.63,2/9/2022,42.33,phosphorus
corn,8891.17,9/12/2022,201.46,phosphorus
cotton,5519.69,5/15/2022,125.12,potassium
cotton,1556.88,11/1/2022,309.76,phosphorus
cotton,4714.37,9/2/2022,204.76,phosphorus
wheat,7668.08,6/15/2022,397.64,potassium
soybeans,1660.58,8/27/2022,155.03,phosphorus
rice,1928.72,4/30/2022,219.41,nitrogen
cotton,3754.11,9/10/2022,447.37,phosphorus
rice,3004.69,9/22/2022,164.1,nitrogen
rice,9741.35,3/10/2022,232.74,potassium
rice,2436.03,8/1/2022,52.69,phosphorus
wheat,8322.27,5/31/2022,50.85,phosphorus
cotton,9495.33,10/13/2022,471.61,nitrogen
cotton,7273.7,10/5/2022,57.0,phosphorus
rice,8648.19,12/17/2022,242.23,phosphorus
soybeans,8752.6,6/26/2022,148.93,potassium
cotton,3352.24,3/28/2022,272.01,potassium
corn,4954.91,11/3/2022,200.66,phosphorus
wheat,3090.74,3/1/2022,344.33,potassium
cotton,3069.33,5/26/2022,247.27,potassium
cotton,6980.66,9/10/2022,315.17,nitrogen
cotton,6304.87,2/8/2022,59.86,nitrogen
corn,2337.79,11/19/2022,485.99,nitrogen
soybeans,969.61,8/4/2022,409.15,phosphorus
soybeans,8278.76,5/16/2022,261.63,nitrogen
soybeans,318.78,3/8/2022,131.15,phosphorus
cotton,8137.39,5/20/2022,403.86,phosphorus
rice,7280.19,5/1/2022,3.33,nitrogen
cotton,9726.7,5/16/2022,217.63,nitrogen
cotton,7052.85,2/28/2022,169.89,phosphorus
soybeans,8343.54,8/30/2022,341.8,nitrogen
corn,4597.65,5/2/2022,204.36,phosphorus
cotton,3265.6,11/8/2022,7.65,potassium
corn,6770.24,4/25/2022,427.88,phosphorus
corn,3492.89,8/14/2022,339.7,potassium
wheat,6907.29,8/27/2022,222.54,potassium
cotton,2554.72,2/9/2022,115.32,nitrogen
soybeans,608.75,5/31/2022,320.34,potassium
cotton,4995.91,8/1/2022,145.94,phosphorus
rice,6708.02,7/18/2022,196.11,phosphorus
cotton,3748.67,7/18/2022,71.75,nitrogen
soybeans,1868.46,4/3/2022,315.65,potassium
cotton,4838.61,3/26/2022,421.44,phosphorus
soybeans,6414.0,1/8/2022,272.8,nitrogen
wheat,7543.77,7/10/2022,359.24,phosphorus
wheat,5251.19,12/22/2022,149.98,potassium
wheat,1899.71,4/23/2022,320.58,potassium
corn,1728.57,5/21/2022,108.51,potassium
cotton,5392.88,1/1/2022,229.23,potassium
rice,3447.59,1/2/2022,118.71,nitrogen
corn,7784.17,1/24/2022,133.33,nitrogen
rice,1482.1,9/23/2022,145.11,phosphorus
wheat,675.84,3/17/2022,285.01,nitrogen
cotton,8139.1,7/3/2022,75.53,phosphorus
wheat,8464.15,11/29/2022,150.72,potassium
rice,6669.6,6/2/2022,403.61,phosphorus
rice,1278.45,3/26/2022,483.33,phosphorus
cotton,4772.07,10/24/2022,119.26,nitrogen
cotton,5440.05,4/24/2022,57.81,phosphorus
cotton,2325.14,9/26/2022,122.31,nitrogen
wheat,1110.49,1/25/2022,23.23,phosphorus
soybeans,2532.29,3/6/2022,80.97,potassium
rice,9816.31,11/3/2022,209.81,potassium
soybeans,4465.61,6/24/2022,9.86,potassium
corn,6253.42,10/12/2022,249.97,potassium
cotton,5726.9,12/19/2022,473.32,nitrogen
soybeans,3518.7,9/22/2022,420.3,potassium
soybeans,4426.87,5/14/2022,0.44,potassium
corn,6873.86,4/27/2022,249.16,nitrogen
soybeans,1655.07,1/26/2022,327.46,nitrogen
corn,7390.76,6/7/2022,181.07,phosphorus
wheat,8092.44,2/13/2022,455.05,potassium
cotton,9446.4,12/19/2022,27.33,potassium
cotton,5992.63,7/1/2022,290.43,phosphorus
corn,9937.22,7/10/2022,463.66,nitrogen
wheat,4944.99,5/8/2022,381.03,potassium
rice,6159.28,2/15/2022,189.93,potassium
rice,3214.82,11/6/2022,480.51,nitrogen
corn,2559.0,12/26/2022,4.57,phosphorus
corn,7737.51,10/8/2022,355.52,potassium
soybeans,8989.63,1/18/2022,354.05,nitrogen
corn,4947.22,5/13/2022,61.92,potassium
corn,9515.8,3/24/2022,167.53,nitrogen
rice,4398.18,6/5/2022,61.13,potassium
wheat,5770.34,7/12/2022,176.12,nitrogen
wheat,2337.88,6/2/2022,216.69,potassium
corn,3215.82,4/26/2022,491.89,nitrogen
wheat,1794.89,4/15/2022,120.79,phosphorus
soybeans,8373.63,10/19/2022,212.58,potassium
corn,9922.93,1/18/2022,309.77,phosphorus
wheat,4717.06,4/8/2022,27.91,nitrogen
rice,6156.72,10/23/2022,413.85,potassium
rice,190.5,1/5/2022,252.78,nitrogen
wheat,9356.56,7/27/2022,442.98,phosphorus
cotton,2598.36,8/28/2022,407.39,potassium
cotton,139.67,4/14/2022,328.77,potassium
rice,898.0,11/20/2022,200.25,potassium
wheat,8303.81,6/26/2022,78.21,nitrogen
corn,2121.5,12/17/2022,246.59,potassium
wheat,3018.95,10/1/2022,86.37,potassium
soybeans,3619.51,5/7/2022,316.99,phosphorus
corn,4857.24,8/25/2022,420.3,nitrogen
corn,4551.83,8/25/2022,368.09,potassium
rice,6418.18,9/8/2022,89.5,nitrogen
rice,4834.45,8/26/2022,8.81,phosphorus
cotton,1160.22,4/21/2022,348.46,potassium
wheat,6999.0,7/27/2022,98.42,nitrogen
wheat,4823.66,8/20/2022,159.89,potassium
corn,2715.71,2/12/2022,432.63,nitrogen
wheat,3775.93,9/25/2022,225.77,nitrogen
cotton,2178.58,5/22/2022,262.91,nitrogen
wheat,4991.48,10/25/2022,189.53,phosphorus
rice,3326.0,5/12/2022,37.75,nitrogen
corn,2724.91,11/14/2022,432.11,phosphorus
cotton,2870.37,4/22/2022,450.74,potassium
rice,8330.82,8/3/2022,229.76,potassium
cotton,4944.75,3/10/2022,324.24,potassium
cotton,8109.4,4/11/2022,364.98,phosphorus
soybeans,363.66,5/24/2022,53.77,phosphorus
rice,2259.1,10/24/2022,185.75,nitrogen
cotton,429.04,8/4/2022,213.25,nitrogen
cotton,5015.98,12/7/2022,27.42,phosphorus
rice,8487.56,7/24/2022,307.62,potassium
rice,4659.35,2/7/2022,101.78,phosphorus
corn,2178.21,8/9/2022,82.0,potassium
corn,4068.15,2/23/2022,249.26,nitrogen
cotton,4072.91,5/8/2022,327.18,phosphorus
wheat,465.6,4/6/2022,481.74,nitrogen
wheat,9960.88,11/22/2022,244.78,nitrogen
cotton,2453.14,5/20/2022,43.7,phosphorus
cotton,2560.54,11/1/2022,185.4,nitrogen
rice,9512.03,11/8/2022,59.41,potassium
soybeans,4892.84,12/10/2022,75.52,phosphorus
rice,7723.36,11/30/2022,73.76,potassium
wheat,5381.42,3/23/2022,208.7,potassium
wheat,9353.08,9/13/2022,130.09,phosphorus
corn,2262.64,9/20/2022,82.24,nitrogen
rice,4690.24,3/5/2022,117.48,potassium
wheat,1097.7,2/17/2022,406.04,potassium
wheat,6088.63,11/24/2022,449.82,potassium
rice,8779.87,11/9/2022,112.34,nitrogen
corn,9261.66,8/17/2022,66.17,phosphorus
rice,8853.0,6/4/2022,431.86,phosphorus
soybeans,38.48,9/22/2022,318.0,potassium
wheat,7865.97,12/17/2022,481.29,nitrogen
rice,9154.25,6/16/2022,458.11,nitrogen
rice,2983.61,10/11/2022,40.09,nitrogen
wheat,5541.71,7/22/2022,451.69,potassium
rice,3721.32,6/17/2022,175.07,phosphorus
soybeans,3790.35,10/4/2022,168.27,nitrogen
rice,5052.29,1/23/2022,25.79,nitrogen
wheat,6849.82,10/20/2022,132.65,nitrogen
corn,7596.05,1/25/2022,236.6,potassium
soybeans,649.16,5/11/2022,67.75,phosphorus
corn,1257.16,9/15/2022,422.89,potassium
rice,4750.93,12/27/2022,184.44,potassium
cotton,6800.73,10/6/2022,202.58,nitrogen
rice,5246.81,4/27/2022,185.23,phosphorus
wheat,3599.27,10/4/2022,14.48,potassium
corn,1986.28,5/22/2022,254.97,potassium
corn,1289.63,9/4/2022,429.63,phosphorus
soybeans,6002.11,1/29/2022,380.24,nitrogen
soybeans,1183.03,10/2/2022,97.08,nitrogen
rice,7920.36,3/30/2022,396.73,potassium
cotton,9539.61,7/26/2022,253.69,phosphorus
rice,5366.98,11/6/2022,453.27,nitrogen
rice,1961.07,5/23/2022,251.03,potassium
cotton,9113.33,12/19/2022,154.02,potassium
cotton,1207.03,3/19/2022,297.17,phosphorus
corn,6967.79,8/12/2022,72.89,nitrogen
soybeans,7541.3,8/13/2022,182.78,potassium
cotton,1684.9,3/19/2022,406.19,nitrogen
cotton,6565.94,10/16/2022,304.42,phosphorus
wheat,3735.07,11/8/2022,238.64,nitrogen
cotton,4585.23,8/10/2022,195.85,potassium
soybeans,3860.74,8/28/2022,341.8,phosphorus
rice,733.07,11/24/2022,471.74,potassium
cotton,9503.1,7/24/2022,2.79,potassium
rice,7123.61,2/10/2022,330.76,nitrogen
corn,6636.29,10/19/2022,495.55,phosphorus
rice,8547.16,4/4/2022,33.94,nitrogen
rice,256.06,8/19/2022,95.27,potassium
soybeans,9961.18,6/19/2022,81.42,nitrogen
wheat,1221.8,8/12/2022,33.24,phosphorus
corn,3107.92,10/10/2022,187.58,phosphorus
rice,5782.29,5/21/2022,99.93,phosphorus
corn,9172.64,5/16/2022,122.16,nitrogen
soybeans,4894.41,8/20/2022,135.05,potassium
soybeans,646.34,11/19/2022,84.62,nitrogen
cotton,63.71,2/8/2022,272.42,nitrogen
rice,5643.39,12/27/2022,148.2,potassium
soybeans,7958.03,5/31/2022,269.72,potassium
corn,896.34,10/5/2022,8.31,phosphorus
wheat,1478.38,10/23/2022,35.67,potassium
wheat,9063.76,9/29/2022,356.68,potassium
wheat,6860.76,3/5/2022,385.08,nitrogen
wheat,9877.72,11/19/2022,37.71,phosphorus
wheat,7422.09,3/11/2022,152.43,phosphorus
cotton,5483.79,10/14/2022,96.4,phosphorus
rice,895.13,7/29/2022,4.91,potassium
rice,2784.07,7/25/2022,207.87,nitrogen
rice,5400.25,12/9/2022,99.76,nitrogen
rice,1645.45,10/13/2022,186.17,phosphorus
soybeans,5456.54,5/22/2022,5.47,phosphorus
corn,9918.84,3/20/2022,278.55,phosphorus
wheat,8671.08,6/14/2022,341.31,nitrogen
soybeans,7611.04,5/29/2022,14.11,potassium
wheat,7079.03,6/26/2022,477.68,phosphorus
wheat,698.76,12/13/2022,380.23,potassium
soybeans,149.8,12/18/2022,150.86,phosphorus
wheat,5242.05,9/29/2022,342.32,phosphorus
cotton,8402.65,3/28/2022,203.18,phosphorus
cotton,9946.29,2/24/2022,305.33,nitrogen
corn,5627.89,7/23/2022,18.02,potassium
rice,3167.27,7/7/2022,240.16,phosphorus
rice,8584.47,12/7/2022,31.82,nitrogen
corn,2064.25,11/2/2022,137.97,nitrogen
corn,133.43,12/27/2022,23.96,nitrogen
rice,9051.05,7/14/2022,174.17,nitrogen
corn,5826.5,10/6/2022,134.11,nitrogen
cotton,5816.88,2/7/2022,177.17,potassium
soybeans,576.9,3/21/2022,428.02,potassium
soybeans,9029.1,6/8/2022,474.31,phosphorus
corn,6694.8,11/25/2022,219.65,nitrogen
soybeans,202.76,6/11/2022,394.28,nitrogen
corn,2211.86,8/20/2022,219.87,nitrogen
cotton,1133.36,10/3/2022,13.84,nitrogen
wheat,6335.85,2/9/2022,417.62,phosphorus
soybeans,1494.12,4/26/2022,474.2,potassium
wheat,6839.32,12/28/2022,58.04,phosphorus
wheat,7193.85,1/2/2022,432.83,potassium
cotton,9705.75,8/16/2022,422.78,nitrogen
rice,2514.57,9/28/2022,401.85,phosphorus
wheat,3885.02,4/13/2022,286.4,potassium
soybeans,6373.09,1/23/2022,444.9,phosphorus
rice,5925.53,12/22/2022,257.85,nitrogen
wheat,9123.96,7/24/2022,219.57,nitrogen
cotton,5620.19,10/17/2022,187.75,phosphorus
rice,2909.34,10/16/2022,358.42,phosphorus
cotton,1095.49,4/22/2022,31.57,nitrogen
soybeans,4513.99,7/6/2022,466.09,potassium
wheat,5672.19,1/2/2022,200.04,potassium
